subclass	superfamily	family	total_bp	mean_width	min_width	max_width	sd_width	mean_div	min_div	max_div	sd_div
DNA	Academ	RND-1_FAMILY-199	14967	680.32	110	1760	587.18	NA	NA	NA	NA
DNA	DNA	RND-1_FAMILY-345	1750	125	12	471	111.84	NA	NA	NA	NA
DNA	DNA	RND-2_FAMILY-604	8420	280.67	40	494	155.99	NA	NA	NA	NA
DNA	IS3EU	RND-1_FAMILY-63	20117	170.48	40	387	126.4	NA	NA	NA	NA
DNA	Kolobok	RND-1_FAMILY-430	25511	1159.59	36	3860	1272.34	NA	NA	NA	NA
DNA	PIF	RND-1_FAMILY-126	4640	116	16	305	63.9	NA	NA	NA	NA
DNA	PIF	RND-1_FAMILY-290	6186	220.93	51	496	122.74	NA	NA	NA	NA
DNA	PIF	RND-1_FAMILY-392	8129	203.22	16	1078	287.99	NA	NA	NA	NA
DNA	PIF	RND-1_FAMILY-583	5876	489.67	40	776	324.96	NA	NA	NA	NA
DNA	PiggyBac	RND-1_FAMILY-204	7237	157.33	24	300	91.79	NA	NA	NA	NA
DNA	PiggyBac	RND-2_FAMILY-110	11583	196.32	41	453	130.38	NA	NA	NA	NA
DNA	Sola	RND-1_FAMILY-316	10327	491.76	64	1126	368.73	NA	NA	NA	NA
DNA	TcMar	RND-1_FAMILY-122	9957	242.85	19	456	150.25	NA	NA	NA	NA
DNA	TcMar	RND-1_FAMILY-313	22742	988.78	63	1485	539.01	NA	NA	NA	NA
DNA	TcMar	RND-1_FAMILY-528	8917	342.96	34	1061	350.56	NA	NA	NA	NA
DNA	TcMar	RND-3_FAMILY-481	7293	317.09	24	444	132.32	NA	NA	NA	NA
DNA	hAT	RND-1_FAMILY-143	5219	168.35	65	337	56.33	NA	NA	NA	NA
DNA	hAT	RND-1_FAMILY-213	6955	139.1	35	381	68.46	NA	NA	NA	NA
DNA	hAT	RND-1_FAMILY-227	10431	196.81	39	335	105.8	NA	NA	NA	NA
DNA	hAT	RND-1_FAMILY-252	3956	172	33	324	93.27	NA	NA	NA	NA
DNA	hAT	RND-1_FAMILY-253	8065	212.24	49	378	109.61	NA	NA	NA	NA
DNA	hAT	RND-1_FAMILY-257	10208	464	35	1840	479.35	NA	NA	NA	NA
DNA	hAT	RND-1_FAMILY-271	5215	133.72	45	209	52.21	NA	NA	NA	NA
DNA	hAT	RND-1_FAMILY-278	3938	207.26	90	334	94.37	NA	NA	NA	NA
DNA	hAT	RND-1_FAMILY-308	16352	320.63	23	1071	282.05	NA	NA	NA	NA
DNA	hAT	RND-1_FAMILY-317	2673	140.68	38	313	87.46	NA	NA	NA	NA
DNA	hAT	RND-1_FAMILY-336	17736	422.29	10	1617	535.38	NA	NA	NA	NA
DNA	hAT	RND-1_FAMILY-346	2456	175.43	52	321	89.12	NA	NA	NA	NA
DNA	hAT	RND-1_FAMILY-390	4458	234.63	69	348	97.52	NA	NA	NA	NA
DNA	hAT	RND-1_FAMILY-431	6944	267.08	68	448	156.71	NA	NA	NA	NA
DNA	hAT	RND-1_FAMILY-453	10410	242.09	4	867	254.52	NA	NA	NA	NA
DNA	hAT	RND-1_FAMILY-55	33287	272.84	33	764	135.94	NA	NA	NA	NA
DNA	hAT	RND-1_FAMILY-62	32942	354.22	57	661	173.67	NA	NA	NA	NA
DNA	hAT	RND-1_FAMILY-96	11241	156.12	26	284	52.91	NA	NA	NA	NA
DNA	hAT	RND-2_FAMILY-421	10201	192.47	41	341	99.7	NA	NA	NA	NA
DNA	hAT	RND-3_FAMILY-542	4643	160.1	28	324	79.6	NA	NA	NA	NA
LINE	CR1	RND-1_FAMILY-144	19006	345.56	20	1107	251.79	NA	NA	NA	NA
LINE	CR1	RND-1_FAMILY-170	18307	915.35	117	1481	386.89	NA	NA	NA	NA
LINE	CR1	RND-1_FAMILY-272	4907	288.65	34	505	141.04	NA	NA	NA	NA
LINE	CR1	RND-1_FAMILY-289	5740	151.05	41	184	38.8	NA	NA	NA	NA
LINE	CR1	RND-1_FAMILY-303	8638	319.93	53	1297	367.33	NA	NA	NA	NA
LINE	CR1	RND-1_FAMILY-319	21394	486.23	51	3409	700.6	NA	NA	NA	NA
LINE	CR1	RND-1_FAMILY-484	5572	327.76	35	1216	306.92	NA	NA	NA	NA
LINE	CR1	RND-1_FAMILY-542	10013	625.81	86	1665	608.15	NA	NA	NA	NA
LINE	CR1	RND-1_FAMILY-552	2812	281.2	129	662	155.6	NA	NA	NA	NA
LINE	CR1	RND-1_FAMILY-580	364	72.8	46	86	16.47	NA	NA	NA	NA
LINE	CR1	RND-1_FAMILY-93	40250	551.37	36	3410	631.09	NA	NA	NA	NA
LINE	Dong	RND-1_FAMILY-441	9269	441.38	70	679	222.79	NA	NA	NA	NA
LINE	Dong	RND-1_FAMILY-535	5340	410.77	126	490	134.82	NA	NA	NA	NA
LINE	Dong	RND-1_FAMILY-541	3384	338.4	130	491	142.67	NA	NA	NA	NA
LINE	Dong	RND-1_FAMILY-571	3701	137.07	11	452	106.56	NA	NA	NA	NA
LINE	Dong	RND-3_FAMILY-163	7211	267.07	121	574	89.95	NA	NA	NA	NA
LINE	L1	RND-1_FAMILY-25	27678	190.88	36	490	80.33	NA	NA	NA	NA
LINE	L2	RND-1_FAMILY-103	19616	426.43	54	3141	554.8	NA	NA	NA	NA
LINE	L2	RND-1_FAMILY-116	16381	277.64	28	1318	300.18	NA	NA	NA	NA
LINE	L2	RND-1_FAMILY-123	10561	555.84	50	2261	641.62	NA	NA	NA	NA
LINE	L2	RND-1_FAMILY-138	9928	261.26	57	670	161.6	NA	NA	NA	NA
LINE	L2	RND-1_FAMILY-157	11542	360.69	61	1505	351.28	NA	NA	NA	NA
LINE	L2	RND-1_FAMILY-166	2807	147.74	26	592	133.22	NA	NA	NA	NA
LINE	L2	RND-1_FAMILY-18	7879	196.98	14	1513	292.29	NA	NA	NA	NA
LINE	L2	RND-1_FAMILY-189	17892	288.58	33	1146	280.62	NA	NA	NA	NA
LINE	L2	RND-1_FAMILY-192	5866	162.94	28	526	134.38	NA	NA	NA	NA
LINE	L2	RND-1_FAMILY-198	19158	304.1	31	1734	359.89	NA	NA	NA	NA
LINE	L2	RND-1_FAMILY-207	10992	366.4	48	1055	316.41	NA	NA	NA	NA
LINE	L2	RND-1_FAMILY-212	16114	383.67	79	1428	309.66	NA	NA	NA	NA
LINE	L2	RND-1_FAMILY-236	7837	340.74	51	1375	340.87	NA	NA	NA	NA
LINE	L2	RND-1_FAMILY-24	24369	497.33	19	1490	389.5	NA	NA	NA	NA
LINE	L2	RND-1_FAMILY-260	3751	170.5	56	326	87.87	NA	NA	NA	NA
LINE	L2	RND-1_FAMILY-264	12996	393.82	58	1453	343.97	NA	NA	NA	NA
LINE	L2	RND-1_FAMILY-269	8385	270.48	61	1185	251.95	NA	NA	NA	NA
LINE	L2	RND-1_FAMILY-273	29989	612.02	71	2978	621.01	NA	NA	NA	NA
LINE	L2	RND-1_FAMILY-280	9127	253.53	56	689	172.35	NA	NA	NA	NA
LINE	L2	RND-1_FAMILY-281	9280	281.21	11	1485	316.1	NA	NA	NA	NA
LINE	L2	RND-1_FAMILY-29	28499	491.36	38	1525	408.59	NA	NA	NA	NA
LINE	L2	RND-1_FAMILY-300	4127	317.46	186	485	108.28	NA	NA	NA	NA
LINE	L2	RND-1_FAMILY-309	23729	564.98	60	1245	378.87	NA	NA	NA	NA
LINE	L2	RND-1_FAMILY-315	9808	490.4	72	1339	374.6	NA	NA	NA	NA
LINE	L2	RND-1_FAMILY-326	8316	297	33	639	190.15	NA	NA	NA	NA
LINE	L2	RND-1_FAMILY-328	7572	151.44	23	542	130.12	NA	NA	NA	NA
LINE	L2	RND-1_FAMILY-334	55747	536.03	11	1792	456.5	NA	NA	NA	NA
LINE	L2	RND-1_FAMILY-351	5790	304.74	49	545	158.86	NA	NA	NA	NA
LINE	L2	RND-1_FAMILY-353	11688	265.64	39	1699	367.72	NA	NA	NA	NA
LINE	L2	RND-1_FAMILY-356	3977	94.69	11	239	65.17	NA	NA	NA	NA
LINE	L2	RND-1_FAMILY-359	13034	352.27	67	1132	282.25	NA	NA	NA	NA
LINE	L2	RND-1_FAMILY-363	4072	271.47	38	947	262.4	NA	NA	NA	NA
LINE	L2	RND-1_FAMILY-366	4099	341.58	24	1098	409.94	NA	NA	NA	NA
LINE	L2	RND-1_FAMILY-371	10495	403.65	50	1631	354.53	NA	NA	NA	NA
LINE	L2	RND-1_FAMILY-388	10030	385.77	64	1722	380.64	NA	NA	NA	NA
LINE	L2	RND-1_FAMILY-395	20279	579.4	54	1437	442.63	NA	NA	NA	NA
LINE	L2	RND-1_FAMILY-397	9294	265.54	15	1244	270.43	NA	NA	NA	NA
LINE	L2	RND-1_FAMILY-398	5057	459.73	75	1292	400.48	NA	NA	NA	NA
LINE	L2	RND-1_FAMILY-401	11072	357.16	38	1350	346.45	NA	NA	NA	NA
LINE	L2	RND-1_FAMILY-402	3862	167.91	59	423	86.83	NA	NA	NA	NA
LINE	L2	RND-1_FAMILY-412	4055	289.64	127	614	133.39	NA	NA	NA	NA
LINE	L2	RND-1_FAMILY-427	8316	378	57	1244	328.82	NA	NA	NA	NA
LINE	L2	RND-1_FAMILY-434	4673	424.82	68	806	233.25	NA	NA	NA	NA
LINE	L2	RND-1_FAMILY-442	5333	313.71	28	1279	292.15	NA	NA	NA	NA
LINE	L2	RND-1_FAMILY-454	9735	360.56	43	1508	311.32	NA	NA	NA	NA
LINE	L2	RND-1_FAMILY-458	3332	222.13	62	445	109.64	NA	NA	NA	NA
LINE	L2	RND-1_FAMILY-469	7579	473.69	20	1366	399.46	NA	NA	NA	NA
LINE	L2	RND-1_FAMILY-486	4483	280.19	31	924	248.35	NA	NA	NA	NA
LINE	L2	RND-1_FAMILY-493	9076	259.31	38	661	157.73	NA	NA	NA	NA
LINE	L2	RND-1_FAMILY-495	2020	252.5	52	688	214.15	NA	NA	NA	NA
LINE	L2	RND-1_FAMILY-506	9670	483.5	30	1740	481.21	NA	NA	NA	NA
LINE	L2	RND-1_FAMILY-509	6484	463.14	82	1432	339.11	NA	NA	NA	NA
LINE	L2	RND-1_FAMILY-518	5553	292.26	64	1176	268.67	NA	NA	NA	NA
LINE	L2	RND-1_FAMILY-523	3387	211.69	76	556	113.54	NA	NA	NA	NA
LINE	L2	RND-1_FAMILY-531	7246	258.79	66	610	152.38	NA	NA	NA	NA
LINE	L2	RND-1_FAMILY-539	8446	351.92	13	1470	418.97	NA	NA	NA	NA
LINE	L2	RND-1_FAMILY-550	2238	279.75	68	553	157.65	NA	NA	NA	NA
LINE	L2	RND-1_FAMILY-554	13258	339.95	69	1606	304.84	NA	NA	NA	NA
LINE	L2	RND-1_FAMILY-563	9451	325.9	22	1615	333.77	NA	NA	NA	NA
LINE	L2	RND-1_FAMILY-564	5845	324.72	105	523	107.25	NA	NA	NA	NA
LINE	L2	RND-1_FAMILY-591	7530	251	33	767	190.69	NA	NA	NA	NA
LINE	L2	RND-1_FAMILY-70	25132	282.38	30	1339	284.8	NA	NA	NA	NA
LINE	L2	RND-1_FAMILY-74	17291	411.69	41	1871	384.09	NA	NA	NA	NA
LINE	L2	RND-1_FAMILY-81	23662	295.78	11	1816	368.94	NA	NA	NA	NA
LINE	L2	RND-1_FAMILY-92	11885	475.4	96	1240	328.78	NA	NA	NA	NA
LINE	L2	RND-1_FAMILY-98	31814	497.09	56	1210	320.87	NA	NA	NA	NA
LINE	L2	RND-2_FAMILY-330	27302	593.52	60	1698	509.74	NA	NA	NA	NA
LINE	L2	RND-2_FAMILY-89	35395	553.05	66	1359	379.08	NA	NA	NA	NA
LINE	L2	RND-3_FAMILY-1211	13360	494.81	53	1385	384.48	NA	NA	NA	NA
LINE	L2	RND-3_FAMILY-8	5491	196.11	40	461	122.21	NA	NA	NA	NA
LINE	R2	RND-1_FAMILY-109	23764	625.37	46	2233	432.17	NA	NA	NA	NA
LINE	R2	RND-1_FAMILY-140	20958	654.94	19	2212	739.13	NA	NA	NA	NA
LINE	R2	RND-1_FAMILY-160	48778	871.04	47	2217	679.71	NA	NA	NA	NA
LINE	R2	RND-1_FAMILY-179	9998	624.88	74	1284	373.36	NA	NA	NA	NA
LINE	R2	RND-1_FAMILY-197	2316	386	200	639	151.45	NA	NA	NA	NA
LINE	R2	RND-1_FAMILY-231	3406	179.26	54	368	92.39	NA	NA	NA	NA
LINE	R2	RND-1_FAMILY-259	10353	575.17	64	2167	538.7	NA	NA	NA	NA
LINE	R2	RND-1_FAMILY-267	11171	587.95	80	2260	646.42	NA	NA	NA	NA
LINE	R2	RND-1_FAMILY-318	18236	588.26	69	2259	575.64	NA	NA	NA	NA
LINE	R2	RND-1_FAMILY-410	9507	264.08	63	1315	282.95	NA	NA	NA	NA
LINE	R2	RND-1_FAMILY-422	1729	115.27	45	347	72.93	NA	NA	NA	NA
LINE	R2	RND-1_FAMILY-424	10568	330.25	13	685	187.39	NA	NA	NA	NA
LINE	R2	RND-1_FAMILY-512	12792	426.4	15	2233	545.89	NA	NA	NA	NA
LINE	R2	RND-1_FAMILY-551	11106	336.55	35	2283	429.04	NA	NA	NA	NA
LINE	R2	RND-1_FAMILY-577	1762	352.4	82	1087	418.83	NA	NA	NA	NA
LINE	R2	RND-1_FAMILY-59	29844	563.09	39	2228	729.67	NA	NA	NA	NA
LINE	RTE	RND-1_FAMILY-265	13778	1148.17	179	3077	1273.91	NA	NA	NA	NA
LINE	RTE	RND-1_FAMILY-573	9276	441.71	32	1126	400.36	NA	NA	NA	NA
LINE	RTE	RND-2_FAMILY-298	13834	532.08	72	1522	421.75	NA	NA	NA	NA
LINE	RTE	RND-2_FAMILY-780	51892	710.85	66	3467	811.08	NA	NA	NA	NA
LTR	ERV1	RND-1_FAMILY-274	8140	313.08	11	677	252.47	NA	NA	NA	NA
LTR	ERV1	RND-1_FAMILY-287	6790	399.41	38	678	244.16	NA	NA	NA	NA
LTR	Gypsy	RND-1_FAMILY-341	16283	1356.92	105	5370	1952.88	NA	NA	NA	NA
LTR	Gypsy	RND-1_FAMILY-347	4312	539	70	998	369.02	NA	NA	NA	NA
LTR	Gypsy	RND-1_FAMILY-438	21787	990.32	39	5370	1602.59	NA	NA	NA	NA
LTR	Gypsy	RND-1_FAMILY-538	26792	1913.71	71	5190	1835.44	NA	NA	NA	NA
LTR	Gypsy	RND-1_FAMILY-546	31189	1949.31	43	7134	2802.43	NA	NA	NA	NA
LTR	Gypsy	RND-1_FAMILY-586	11343	1134.3	110	3701	1466.98	NA	NA	NA	NA
LTR	Gypsy	RND-1_FAMILY-590	14227	836.88	80	3989	1284.03	NA	NA	NA	NA
LTR	Pao	RND-1_FAMILY-188	43367	1445.57	39	6546	2260	NA	NA	NA	NA
LTR	Pao	RND-3_FAMILY-996	12037	752.31	131	1557	601.93	NA	NA	NA	NA
Other	Low_complexity	A-RICH	12050	55.53	20	770	55.49	NA	NA	NA	NA
Other	Low_complexity	G-RICH	687	57.25	31	100	21.43	NA	NA	NA	NA
Other	Low_complexity	GA-RICH	2940	58.8	25	282	48.54	NA	NA	NA	NA
Other	Satellite	RND-1_FAMILY-1	25937	261.99	12	785	185.64	NA	NA	NA	NA
Other	Satellite	RND-1_FAMILY-183	7351	141.37	20	376	87.42	NA	NA	NA	NA
Other	Satellite	RND-1_FAMILY-19	89	89	89	89	NA	NA	NA	NA	NA
Other	Satellite	RND-1_FAMILY-38	8341	146.33	32	456	80.89	NA	NA	NA	NA
Other	Satellite	RND-1_FAMILY-46	14081	85.86	16	366	33.64	NA	NA	NA	NA
Other	Satellite	RND-1_FAMILY-47	4045	144.46	16	604	135.45	NA	NA	NA	NA
Other	Satellite	RND-1_FAMILY-5	478	119.5	20	185	70.36	NA	NA	NA	NA
Other	Satellite	RND-1_FAMILY-69	2245	106.9	40	263	57.54	NA	NA	NA	NA
Other	Satellite	RND-1_FAMILY-72	16107	700.3	15	3532	714.23	NA	NA	NA	NA
Other	Satellite	RND-2_FAMILY-272	314	39.25	21	51	11.23	NA	NA	NA	NA
Other	Simple_repeat	(A)N	130	26	19	31	5.1	NA	NA	NA	NA
Other	Simple_repeat	(AAAAG)N	30	30	30	30	NA	NA	NA	NA	NA
Other	Simple_repeat	(AAAAT)N	61	30.5	26	35	6.36	NA	NA	NA	NA
Other	Simple_repeat	(AAAATG)N	77	38.5	33	44	7.78	NA	NA	NA	NA
Other	Simple_repeat	(AAAATT)N	30	30	30	30	NA	NA	NA	NA	NA
Other	Simple_repeat	(AAAC)N	22	22	22	22	NA	NA	NA	NA	NA
Other	Simple_repeat	(AAACA)N	27	27	27	27	NA	NA	NA	NA	NA
Other	Simple_repeat	(AAAG)N	54	27	22	32	7.07	NA	NA	NA	NA
Other	Simple_repeat	(AAAGATTC)N	39	39	39	39	NA	NA	NA	NA	NA
Other	Simple_repeat	(AAAT)N	201	28.71	21	36	4.89	NA	NA	NA	NA
Other	Simple_repeat	(AAATAT)N	29	29	29	29	NA	NA	NA	NA	NA
Other	Simple_repeat	(AAATC)N	31	31	31	31	NA	NA	NA	NA	NA
Other	Simple_repeat	(AAATCATTC)N	38	38	38	38	NA	NA	NA	NA	NA
Other	Simple_repeat	(AAATG)N	184	30.67	25	45	7.23	NA	NA	NA	NA
Other	Simple_repeat	(AAATGA)N	37	37	37	37	NA	NA	NA	NA	NA
Other	Simple_repeat	(AAATGAC)N	79	79	79	79	NA	NA	NA	NA	NA
Other	Simple_repeat	(AAATGT)N	45	45	45	45	NA	NA	NA	NA	NA
Other	Simple_repeat	(AAC)N	813	38.71	22	86	21.84	NA	NA	NA	NA
Other	Simple_repeat	(AACA)N	158	39.5	25	50	11.73	NA	NA	NA	NA
Other	Simple_repeat	(AACAA)N	186	46.5	40	58	8.06	NA	NA	NA	NA
Other	Simple_repeat	(AACAACA)N	37	37	37	37	NA	NA	NA	NA	NA
Other	Simple_repeat	(AACAAGC)N	48	48	48	48	NA	NA	NA	NA	NA
Other	Simple_repeat	(AACAAT)N	40	40	40	40	NA	NA	NA	NA	NA
Other	Simple_repeat	(AACACA)N	40	40	40	40	NA	NA	NA	NA	NA
Other	Simple_repeat	(AACAGAA)N	37	37	37	37	NA	NA	NA	NA	NA
Other	Simple_repeat	(AACAT)N	189	63	55	73	9.17	NA	NA	NA	NA
Other	Simple_repeat	(AACC)N	201	201	201	201	NA	NA	NA	NA	NA
Other	Simple_repeat	(AACCTGGAA)N	150	50	38	74	20.78	NA	NA	NA	NA
Other	Simple_repeat	(AACCTTT)N	47	47	47	47	NA	NA	NA	NA	NA
Other	Simple_repeat	(AACGAG)N	32	32	32	32	NA	NA	NA	NA	NA
Other	Simple_repeat	(AACGAT)N	128	64	64	64	0	NA	NA	NA	NA
Other	Simple_repeat	(AACGT)N	38	38	38	38	NA	NA	NA	NA	NA
Other	Simple_repeat	(AACT)N	409	136.33	58	195	70.59	NA	NA	NA	NA
Other	Simple_repeat	(AACTAA)N	65	65	65	65	NA	NA	NA	NA	NA
Other	Simple_repeat	(AACTC)N	38	38	38	38	NA	NA	NA	NA	NA
Other	Simple_repeat	(AACTG)N	31	31	31	31	NA	NA	NA	NA	NA
Other	Simple_repeat	(AACTGG)N	33	33	33	33	NA	NA	NA	NA	NA
Other	Simple_repeat	(AACTGT)N	73	73	73	73	NA	NA	NA	NA	NA
Other	Simple_repeat	(AAG)N	24	24	24	24	NA	NA	NA	NA	NA
Other	Simple_repeat	(AAGA)N	50	25	21	29	5.66	NA	NA	NA	NA
Other	Simple_repeat	(AAGAAA)N	33	33	33	33	NA	NA	NA	NA	NA
Other	Simple_repeat	(AAGACAG)N	102	102	102	102	NA	NA	NA	NA	NA
Other	Simple_repeat	(AAGACTG)N	40	40	40	40	NA	NA	NA	NA	NA
Other	Simple_repeat	(AAGATA)N	45	45	45	45	NA	NA	NA	NA	NA
Other	Simple_repeat	(AAGATG)N	32	32	32	32	NA	NA	NA	NA	NA
Other	Simple_repeat	(AAGT)N	62	31	22	40	12.73	NA	NA	NA	NA
Other	Simple_repeat	(AAGTCCGGGA)N	53	53	53	53	NA	NA	NA	NA	NA
Other	Simple_repeat	(AAT)N	1418	35.45	18	96	14.25	NA	NA	NA	NA
Other	Simple_repeat	(AATA)N	658	50.62	22	136	30.03	NA	NA	NA	NA
Other	Simple_repeat	(AATAA)N	127	42.33	40	46	3.21	NA	NA	NA	NA
Other	Simple_repeat	(AATAAC)N	63	63	63	63	NA	NA	NA	NA	NA
Other	Simple_repeat	(AATAAGA)N	45	45	45	45	NA	NA	NA	NA	NA
Other	Simple_repeat	(AATAATA)N	37	37	37	37	NA	NA	NA	NA	NA
Other	Simple_repeat	(AATAC)N	250	50	27	96	29.43	NA	NA	NA	NA
Other	Simple_repeat	(AATACAA)N	82	41	41	41	0	NA	NA	NA	NA
Other	Simple_repeat	(AATACAC)N	45	45	45	45	NA	NA	NA	NA	NA
Other	Simple_repeat	(AATACT)N	84	42	42	42	0	NA	NA	NA	NA
Other	Simple_repeat	(AATACTA)N	41	41	41	41	NA	NA	NA	NA	NA
Other	Simple_repeat	(AATACTG)N	64	64	64	64	NA	NA	NA	NA	NA
Other	Simple_repeat	(AATAT)N	931	93.1	34	311	81.16	NA	NA	NA	NA
Other	Simple_repeat	(AATATA)N	41	41	41	41	NA	NA	NA	NA	NA
Other	Simple_repeat	(AATATAA)N	41	41	41	41	NA	NA	NA	NA	NA
Other	Simple_repeat	(AATATAT)N	40	40	40	40	NA	NA	NA	NA	NA
Other	Simple_repeat	(AATATC)N	39	39	39	39	NA	NA	NA	NA	NA
Other	Simple_repeat	(AATATCT)N	44	44	44	44	NA	NA	NA	NA	NA
Other	Simple_repeat	(AATATG)N	71	35.5	34	37	2.12	NA	NA	NA	NA
Other	Simple_repeat	(AATATGA)N	35	35	35	35	NA	NA	NA	NA	NA
Other	Simple_repeat	(AATATTAAA)N	39	39	39	39	NA	NA	NA	NA	NA
Other	Simple_repeat	(AATC)N	809	62.23	26	233	52.91	NA	NA	NA	NA
Other	Simple_repeat	(AATCA)N	66	33	31	35	2.83	NA	NA	NA	NA
Other	Simple_repeat	(AATCAAT)N	66	66	66	66	NA	NA	NA	NA	NA
Other	Simple_repeat	(AATCAC)N	71	71	71	71	NA	NA	NA	NA	NA
Other	Simple_repeat	(AATCCC)N	31	31	31	31	NA	NA	NA	NA	NA
Other	Simple_repeat	(AATG)N	2016	112	24	520	118.85	NA	NA	NA	NA
Other	Simple_repeat	(AATGA)N	400	50	29	75	17.39	NA	NA	NA	NA
Other	Simple_repeat	(AATGAA)N	77	38.5	36	41	3.54	NA	NA	NA	NA
Other	Simple_repeat	(AATGACC)N	42	42	42	42	NA	NA	NA	NA	NA
Other	Simple_repeat	(AATGAT)N	229	76.33	52	121	38.73	NA	NA	NA	NA
Other	Simple_repeat	(AATGCAG)N	70	70	70	70	NA	NA	NA	NA	NA
Other	Simple_repeat	(AATGT)N	92	46	40	52	8.49	NA	NA	NA	NA
Other	Simple_repeat	(AATGTT)N	58	58	58	58	NA	NA	NA	NA	NA
Other	Simple_repeat	(AATT)N	167	55.67	45	64	9.71	NA	NA	NA	NA
Other	Simple_repeat	(AATTA)N	26	26	26	26	NA	NA	NA	NA	NA
Other	Simple_repeat	(AATTAAG)N	45	45	45	45	NA	NA	NA	NA	NA
Other	Simple_repeat	(AATTAT)N	51	51	51	51	NA	NA	NA	NA	NA
Other	Simple_repeat	(AATTATG)N	60	60	60	60	NA	NA	NA	NA	NA
Other	Simple_repeat	(AATTC)N	167	41.75	27	56	16.46	NA	NA	NA	NA
Other	Simple_repeat	(AATTCAA)N	37	37	37	37	NA	NA	NA	NA	NA
Other	Simple_repeat	(AATTCG)N	35	35	35	35	NA	NA	NA	NA	NA
Other	Simple_repeat	(AATTCGC)N	60	60	60	60	NA	NA	NA	NA	NA
Other	Simple_repeat	(AATTG)N	75	37.5	30	45	10.61	NA	NA	NA	NA
Other	Simple_repeat	(AATTGA)N	80	40	33	47	9.9	NA	NA	NA	NA
Other	Simple_repeat	(AATTGAA)N	37	37	37	37	NA	NA	NA	NA	NA
Other	Simple_repeat	(AATTGATTG)N	70	70	70	70	NA	NA	NA	NA	NA
Other	Simple_repeat	(AATTT)N	62	31	30	32	1.41	NA	NA	NA	NA
Other	Simple_repeat	(AATTTAC)N	29	29	29	29	NA	NA	NA	NA	NA
Other	Simple_repeat	(AATTTC)N	65	32.5	32	33	0.71	NA	NA	NA	NA
Other	Simple_repeat	(AATTTT)N	34	34	34	34	NA	NA	NA	NA	NA
Other	Simple_repeat	(AATTTTAATG)N	44	44	44	44	NA	NA	NA	NA	NA
Other	Simple_repeat	(AATTTTC)N	42	42	42	42	NA	NA	NA	NA	NA
Other	Simple_repeat	(AATTTTT)N	150	75	73	77	2.83	NA	NA	NA	NA
Other	Simple_repeat	(AC)N	1207	54.86	19	197	44.83	NA	NA	NA	NA
Other	Simple_repeat	(ACA)N	234	33.43	24	46	9.55	NA	NA	NA	NA
Other	Simple_repeat	(ACAA)N	241	40.17	24	66	15.22	NA	NA	NA	NA
Other	Simple_repeat	(ACAAAGA)N	41	41	41	41	NA	NA	NA	NA	NA
Other	Simple_repeat	(ACAACA)N	65	65	65	65	NA	NA	NA	NA	NA
Other	Simple_repeat	(ACAAT)N	47	47	47	47	NA	NA	NA	NA	NA
Other	Simple_repeat	(ACACA)N	146	73	37	109	50.91	NA	NA	NA	NA
Other	Simple_repeat	(ACACAA)N	230	230	230	230	NA	NA	NA	NA	NA
Other	Simple_repeat	(ACACAT)N	102	102	102	102	NA	NA	NA	NA	NA
Other	Simple_repeat	(ACACGC)N	34	34	34	34	NA	NA	NA	NA	NA
Other	Simple_repeat	(ACACTCA)N	41	41	41	41	NA	NA	NA	NA	NA
Other	Simple_repeat	(ACAGACT)N	48	48	48	48	NA	NA	NA	NA	NA
Other	Simple_repeat	(ACAGT)N	29	29	29	29	NA	NA	NA	NA	NA
Other	Simple_repeat	(ACAGTAT)N	38	38	38	38	NA	NA	NA	NA	NA
Other	Simple_repeat	(ACAT)N	382	54.57	22	117	35.77	NA	NA	NA	NA
Other	Simple_repeat	(ACATA)N	467	116.75	29	339	148.5	NA	NA	NA	NA
Other	Simple_repeat	(ACATAT)N	47	47	47	47	NA	NA	NA	NA	NA
Other	Simple_repeat	(ACATCA)N	60	60	60	60	NA	NA	NA	NA	NA
Other	Simple_repeat	(ACATGAA)N	50	50	50	50	NA	NA	NA	NA	NA
Other	Simple_repeat	(ACC)N	202	40.4	25	66	15.57	NA	NA	NA	NA
Other	Simple_repeat	(ACCACGCCC)N	37	37	37	37	NA	NA	NA	NA	NA
Other	Simple_repeat	(ACCAGC)N	135	135	135	135	NA	NA	NA	NA	NA
Other	Simple_repeat	(ACCAT)N	68	68	68	68	NA	NA	NA	NA	NA
Other	Simple_repeat	(ACCATA)N	45	45	45	45	NA	NA	NA	NA	NA
Other	Simple_repeat	(ACCCTA)N	67	67	67	67	NA	NA	NA	NA	NA
Other	Simple_repeat	(ACCTTC)N	41	41	41	41	NA	NA	NA	NA	NA
Other	Simple_repeat	(ACGC)N	42	42	42	42	NA	NA	NA	NA	NA
Other	Simple_repeat	(ACGCTCAACA)N	56	56	56	56	NA	NA	NA	NA	NA
Other	Simple_repeat	(ACGG)N	25	25	25	25	NA	NA	NA	NA	NA
Other	Simple_repeat	(ACGGA)N	125	41.67	33	58	14.15	NA	NA	NA	NA
Other	Simple_repeat	(ACGGCGA)N	57	57	57	57	NA	NA	NA	NA	NA
Other	Simple_repeat	(ACT)N	30	30	30	30	NA	NA	NA	NA	NA
Other	Simple_repeat	(ACTA)N	35	35	35	35	NA	NA	NA	NA	NA
Other	Simple_repeat	(ACTAACG)N	32	32	32	32	NA	NA	NA	NA	NA
Other	Simple_repeat	(ACTATA)N	43	43	43	43	NA	NA	NA	NA	NA
Other	Simple_repeat	(ACTATG)N	49	49	49	49	NA	NA	NA	NA	NA
Other	Simple_repeat	(ACTC)N	121	60.5	51	70	13.44	NA	NA	NA	NA
Other	Simple_repeat	(ACTG)N	37	37	37	37	NA	NA	NA	NA	NA
Other	Simple_repeat	(ACTGA)N	64	64	64	64	NA	NA	NA	NA	NA
Other	Simple_repeat	(ACTGCT)N	99	49.5	45	54	6.36	NA	NA	NA	NA
Other	Simple_repeat	(ACTTCA)N	66	33	33	33	0	NA	NA	NA	NA
Other	Simple_repeat	(ACTTCCA)N	42	42	42	42	NA	NA	NA	NA	NA
Other	Simple_repeat	(ACTTTCG)N	39	39	39	39	NA	NA	NA	NA	NA
Other	Simple_repeat	(ACTTTG)N	38	38	38	38	NA	NA	NA	NA	NA
Other	Simple_repeat	(AG)N	800	36.36	17	73	15.58	NA	NA	NA	NA
Other	Simple_repeat	(AGA)N	111	55.5	31	80	34.65	NA	NA	NA	NA
Other	Simple_repeat	(AGAA)N	22	22	22	22	NA	NA	NA	NA	NA
Other	Simple_repeat	(AGAATAT)N	64	64	64	64	NA	NA	NA	NA	NA
Other	Simple_repeat	(AGACAA)N	34	34	34	34	NA	NA	NA	NA	NA
Other	Simple_repeat	(AGACT)N	49	49	49	49	NA	NA	NA	NA	NA
Other	Simple_repeat	(AGAGAT)N	106	53	53	53	0	NA	NA	NA	NA
Other	Simple_repeat	(AGAT)N	419	139.67	21	295	140.63	NA	NA	NA	NA
Other	Simple_repeat	(AGATAGA)N	204	204	204	204	NA	NA	NA	NA	NA
Other	Simple_repeat	(AGATAGG)N	44	44	44	44	NA	NA	NA	NA	NA
Other	Simple_repeat	(AGATCC)N	29	29	29	29	NA	NA	NA	NA	NA
Other	Simple_repeat	(AGATGA)N	194	97	40	154	80.61	NA	NA	NA	NA
Other	Simple_repeat	(AGATTAT)N	36	36	36	36	NA	NA	NA	NA	NA
Other	Simple_repeat	(AGATTC)N	36	36	36	36	NA	NA	NA	NA	NA
Other	Simple_repeat	(AGC)N	167	27.83	17	37	8.68	NA	NA	NA	NA
Other	Simple_repeat	(AGCA)N	24	24	24	24	NA	NA	NA	NA	NA
Other	Simple_repeat	(AGCAC)N	84	84	84	84	NA	NA	NA	NA	NA
Other	Simple_repeat	(AGCACCGAGC)N	51	51	51	51	NA	NA	NA	NA	NA
Other	Simple_repeat	(AGCAGAA)N	42	42	42	42	NA	NA	NA	NA	NA
Other	Simple_repeat	(AGCCGG)N	70	70	70	70	NA	NA	NA	NA	NA
Other	Simple_repeat	(AGCT)N	45	45	45	45	NA	NA	NA	NA	NA
Other	Simple_repeat	(AGCTAT)N	42	42	42	42	NA	NA	NA	NA	NA
Other	Simple_repeat	(AGCTGTT)N	36	36	36	36	NA	NA	NA	NA	NA
Other	Simple_repeat	(AGGAGC)N	101	101	101	101	NA	NA	NA	NA	NA
Other	Simple_repeat	(AGGATG)N	443	443	443	443	NA	NA	NA	NA	NA
Other	Simple_repeat	(AGGG)N	26	26	26	26	NA	NA	NA	NA	NA
Other	Simple_repeat	(AGGTCAT)N	56	56	56	56	NA	NA	NA	NA	NA
Other	Simple_repeat	(AGGTGC)N	64	32	32	32	0	NA	NA	NA	NA
Other	Simple_repeat	(AGT)N	301	150.5	28	273	173.24	NA	NA	NA	NA
Other	Simple_repeat	(AGTAA)N	32	32	32	32	NA	NA	NA	NA	NA
Other	Simple_repeat	(AGTAACA)N	45	45	45	45	NA	NA	NA	NA	NA
Other	Simple_repeat	(AGTC)N	152	50.67	48	53	2.52	NA	NA	NA	NA
Other	Simple_repeat	(AGTCATAAGC)N	44	44	44	44	NA	NA	NA	NA	NA
Other	Simple_repeat	(AGTG)N	202	50.5	45	63	8.54	NA	NA	NA	NA
Other	Simple_repeat	(AGTGAC)N	30	30	30	30	NA	NA	NA	NA	NA
Other	Simple_repeat	(AGTGAGTCAG)N	94	94	94	94	NA	NA	NA	NA	NA
Other	Simple_repeat	(AGTT)N	245	122.5	27	218	135.06	NA	NA	NA	NA
Other	Simple_repeat	(AGTTAAG)N	355	88.75	71	100	14.03	NA	NA	NA	NA
Other	Simple_repeat	(AGTTAG)N	45	45	45	45	NA	NA	NA	NA	NA
Other	Simple_repeat	(AGTTGA)N	33	33	33	33	NA	NA	NA	NA	NA
Other	Simple_repeat	(AGTTTTA)N	40	40	40	40	NA	NA	NA	NA	NA
Other	Simple_repeat	(AT)N	45823	104.38	17	597	76.34	NA	NA	NA	NA
Other	Simple_repeat	(ATA)N	1091	33.06	17	115	18.15	NA	NA	NA	NA
Other	Simple_repeat	(ATAA)N	923	61.53	25	161	41.8	NA	NA	NA	NA
Other	Simple_repeat	(ATAAAAA)N	73	73	73	73	NA	NA	NA	NA	NA
Other	Simple_repeat	(ATAAAT)N	126	126	126	126	NA	NA	NA	NA	NA
Other	Simple_repeat	(ATAAATACT)N	70	70	70	70	NA	NA	NA	NA	NA
Other	Simple_repeat	(ATAAC)N	40	40	40	40	NA	NA	NA	NA	NA
Other	Simple_repeat	(ATAACA)N	184	92	74	110	25.46	NA	NA	NA	NA
Other	Simple_repeat	(ATAACAT)N	53	53	53	53	NA	NA	NA	NA	NA
Other	Simple_repeat	(ATAACGA)N	74	74	74	74	NA	NA	NA	NA	NA
Other	Simple_repeat	(ATAACT)N	463	463	463	463	NA	NA	NA	NA	NA
Other	Simple_repeat	(ATAACTTC)N	41	41	41	41	NA	NA	NA	NA	NA
Other	Simple_repeat	(ATAAGT)N	38	38	38	38	NA	NA	NA	NA	NA
Other	Simple_repeat	(ATAAT)N	1138	142.25	34	452	134.14	NA	NA	NA	NA
Other	Simple_repeat	(ATAATAA)N	58	58	58	58	NA	NA	NA	NA	NA
Other	Simple_repeat	(ATAATCACA)N	44	44	44	44	NA	NA	NA	NA	NA
Other	Simple_repeat	(ATAATG)N	58	58	58	58	NA	NA	NA	NA	NA
Other	Simple_repeat	(ATAATGA)N	50	50	50	50	NA	NA	NA	NA	NA
Other	Simple_repeat	(ATAATTC)N	58	58	58	58	NA	NA	NA	NA	NA
Other	Simple_repeat	(ATAC)N	939	39.12	21	76	14.96	NA	NA	NA	NA
Other	Simple_repeat	(ATACA)N	99	49.5	30	69	27.58	NA	NA	NA	NA
Other	Simple_repeat	(ATACAA)N	143	71.5	49	94	31.82	NA	NA	NA	NA
Other	Simple_repeat	(ATACAC)N	65	65	65	65	NA	NA	NA	NA	NA
Other	Simple_repeat	(ATACACAC)N	34	34	34	34	NA	NA	NA	NA	NA
Other	Simple_repeat	(ATACAT)N	139	69.5	64	75	7.78	NA	NA	NA	NA
Other	Simple_repeat	(ATACATAT)N	52	52	52	52	NA	NA	NA	NA	NA
Other	Simple_repeat	(ATACATTTG)N	37	37	37	37	NA	NA	NA	NA	NA
Other	Simple_repeat	(ATACC)N	136	136	136	136	NA	NA	NA	NA	NA
Other	Simple_repeat	(ATACT)N	51	25.5	24	27	2.12	NA	NA	NA	NA
Other	Simple_repeat	(ATACTTG)N	43	43	43	43	NA	NA	NA	NA	NA
Other	Simple_repeat	(ATAG)N	316	79	21	210	88.08	NA	NA	NA	NA
Other	Simple_repeat	(ATAGAA)N	105	35	25	52	14.8	NA	NA	NA	NA
Other	Simple_repeat	(ATAGACAGCT)N	72	72	72	72	NA	NA	NA	NA	NA
Other	Simple_repeat	(ATAGC)N	70	35	32	38	4.24	NA	NA	NA	NA
Other	Simple_repeat	(ATAGGATTAT)N	46	46	46	46	NA	NA	NA	NA	NA
Other	Simple_repeat	(ATAGT)N	303	303	303	303	NA	NA	NA	NA	NA
Other	Simple_repeat	(ATAGTT)N	42	42	42	42	NA	NA	NA	NA	NA
Other	Simple_repeat	(ATAGTTT)N	35	35	35	35	NA	NA	NA	NA	NA
Other	Simple_repeat	(ATAT)N	1551	103.4	41	191	48.06	NA	NA	NA	NA
Other	Simple_repeat	(ATATA)N	1513	137.55	39	306	103.89	NA	NA	NA	NA
Other	Simple_repeat	(ATATAA)N	337	112.33	48	235	106.27	NA	NA	NA	NA
Other	Simple_repeat	(ATATAAC)N	39	39	39	39	NA	NA	NA	NA	NA
Other	Simple_repeat	(ATATAC)N	255	63.75	42	122	38.89	NA	NA	NA	NA
Other	Simple_repeat	(ATATAT)N	1216	135.11	57	277	72.06	NA	NA	NA	NA
Other	Simple_repeat	(ATATATA)N	154	51.33	39	69	15.7	NA	NA	NA	NA
Other	Simple_repeat	(ATATC)N	973	243.25	50	571	245.76	NA	NA	NA	NA
Other	Simple_repeat	(ATATCAA)N	48	48	48	48	NA	NA	NA	NA	NA
Other	Simple_repeat	(ATATCAT)N	63	63	63	63	NA	NA	NA	NA	NA
Other	Simple_repeat	(ATATG)N	948	94.8	39	208	46.37	NA	NA	NA	NA
Other	Simple_repeat	(ATATGAT)N	48	48	48	48	NA	NA	NA	NA	NA
Other	Simple_repeat	(ATATGC)N	50	50	50	50	NA	NA	NA	NA	NA
Other	Simple_repeat	(ATATT)N	1293	184.71	13	510	179.71	NA	NA	NA	NA
Other	Simple_repeat	(ATATTA)N	79	39.5	39	40	0.71	NA	NA	NA	NA
Other	Simple_repeat	(ATATTAA)N	66	66	66	66	NA	NA	NA	NA	NA
Other	Simple_repeat	(ATATTAG)N	134	134	134	134	NA	NA	NA	NA	NA
Other	Simple_repeat	(ATATTCT)N	47	47	47	47	NA	NA	NA	NA	NA
Other	Simple_repeat	(ATATTT)N	243	81	35	155	64.71	NA	NA	NA	NA
Other	Simple_repeat	(ATATTTC)N	107	53.5	42	65	16.26	NA	NA	NA	NA
Other	Simple_repeat	(ATC)N	3616	84.09	19	634	97.66	NA	NA	NA	NA
Other	Simple_repeat	(ATCA)N	687	68.7	29	99	20.88	NA	NA	NA	NA
Other	Simple_repeat	(ATCAA)N	57	28.5	26	31	3.54	NA	NA	NA	NA
Other	Simple_repeat	(ATCAAT)N	31	31	31	31	NA	NA	NA	NA	NA
Other	Simple_repeat	(ATCAATT)N	34	34	34	34	NA	NA	NA	NA	NA
Other	Simple_repeat	(ATCACAT)N	64	64	64	64	NA	NA	NA	NA	NA
Other	Simple_repeat	(ATCACTA)N	69	69	69	69	NA	NA	NA	NA	NA
Other	Simple_repeat	(ATCAG)N	27	27	27	27	NA	NA	NA	NA	NA
Other	Simple_repeat	(ATCAT)N	955	159.17	29	404	148.1	NA	NA	NA	NA
Other	Simple_repeat	(ATCATA)N	119	59.5	40	79	27.58	NA	NA	NA	NA
Other	Simple_repeat	(ATCATC)N	1004	200.8	35	434	159.78	NA	NA	NA	NA
Other	Simple_repeat	(ATCATCT)N	46	46	46	46	NA	NA	NA	NA	NA
Other	Simple_repeat	(ATCATG)N	32	32	32	32	NA	NA	NA	NA	NA
Other	Simple_repeat	(ATCCG)N	113	113	113	113	NA	NA	NA	NA	NA
Other	Simple_repeat	(ATCG)N	21	21	21	21	NA	NA	NA	NA	NA
Other	Simple_repeat	(ATCGA)N	47	47	47	47	NA	NA	NA	NA	NA
Other	Simple_repeat	(ATCGG)N	49	49	49	49	NA	NA	NA	NA	NA
Other	Simple_repeat	(ATCGT)N	32	32	32	32	NA	NA	NA	NA	NA
Other	Simple_repeat	(ATCGTGT)N	67	67	67	67	NA	NA	NA	NA	NA
Other	Simple_repeat	(ATCT)N	144	48	40	62	12.17	NA	NA	NA	NA
Other	Simple_repeat	(ATCTAA)N	39	39	39	39	NA	NA	NA	NA	NA
Other	Simple_repeat	(ATCTAAGGGT)N	82	82	82	82	NA	NA	NA	NA	NA
Other	Simple_repeat	(ATCTTC)N	73	73	73	73	NA	NA	NA	NA	NA
Other	Simple_repeat	(ATG)N	4668	97.25	17	714	122.73	NA	NA	NA	NA
Other	Simple_repeat	(ATGA)N	421	52.62	32	106	23.4	NA	NA	NA	NA
Other	Simple_repeat	(ATGAA)N	299	49.83	26	70	18.51	NA	NA	NA	NA
Other	Simple_repeat	(ATGAAA)N	27	27	27	27	NA	NA	NA	NA	NA
Other	Simple_repeat	(ATGAATGA)N	323	323	323	323	NA	NA	NA	NA	NA
Other	Simple_repeat	(ATGACG)N	8	8	8	8	NA	NA	NA	NA	NA
Other	Simple_repeat	(ATGAT)N	549	109.8	54	227	70	NA	NA	NA	NA
Other	Simple_repeat	(ATGATA)N	86	86	86	86	NA	NA	NA	NA	NA
Other	Simple_repeat	(ATGATAATTC)N	63	63	63	63	NA	NA	NA	NA	NA
Other	Simple_repeat	(ATGATG)N	267	89	64	110	23.26	NA	NA	NA	NA
Other	Simple_repeat	(ATGATT)N	118	59	46	72	18.38	NA	NA	NA	NA
Other	Simple_repeat	(ATGATTGCCA)N	48	48	48	48	NA	NA	NA	NA	NA
Other	Simple_repeat	(ATGC)N	42	42	42	42	NA	NA	NA	NA	NA
Other	Simple_repeat	(ATGCAACATG)N	55	55	55	55	NA	NA	NA	NA	NA
Other	Simple_repeat	(ATGCAT)N	41	41	41	41	NA	NA	NA	NA	NA
Other	Simple_repeat	(ATGCATA)N	61	61	61	61	NA	NA	NA	NA	NA
Other	Simple_repeat	(ATGCT)N	32	32	32	32	NA	NA	NA	NA	NA
Other	Simple_repeat	(ATGCTCTTGGA)N	144	144	144	144	NA	NA	NA	NA	NA
Other	Simple_repeat	(ATGG)N	739	246.33	110	499	219.04	NA	NA	NA	NA
Other	Simple_repeat	(ATGGTG)N	55	55	55	55	NA	NA	NA	NA	NA
Other	Simple_repeat	(ATGT)N	643	42.87	21	114	25.5	NA	NA	NA	NA
Other	Simple_repeat	(ATGTAAT)N	36	36	36	36	NA	NA	NA	NA	NA
Other	Simple_repeat	(ATGTAGA)N	35	35	35	35	NA	NA	NA	NA	NA
Other	Simple_repeat	(ATGTAT)N	194	97	56	138	57.98	NA	NA	NA	NA
Other	Simple_repeat	(ATGTATA)N	47	47	47	47	NA	NA	NA	NA	NA
Other	Simple_repeat	(ATGTCA)N	46	46	46	46	NA	NA	NA	NA	NA
Other	Simple_repeat	(ATGTGATAGG)N	57	57	57	57	NA	NA	NA	NA	NA
Other	Simple_repeat	(ATGTTCGATG)N	120	120	120	120	NA	NA	NA	NA	NA
Other	Simple_repeat	(ATT)N	1034	32.31	17	61	11.25	NA	NA	NA	NA
Other	Simple_repeat	(ATTA)N	67	33.5	28	39	7.78	NA	NA	NA	NA
Other	Simple_repeat	(ATTAA)N	70	35	35	35	0	NA	NA	NA	NA
Other	Simple_repeat	(ATTAAC)N	29	29	29	29	NA	NA	NA	NA	NA
Other	Simple_repeat	(ATTAAT)N	134	67	49	85	25.46	NA	NA	NA	NA
Other	Simple_repeat	(ATTAC)N	93	46.5	30	63	23.33	NA	NA	NA	NA
Other	Simple_repeat	(ATTACCA)N	67	67	67	67	NA	NA	NA	NA	NA
Other	Simple_repeat	(ATTAT)N	812	116	28	290	94.4	NA	NA	NA	NA
Other	Simple_repeat	(ATTATA)N	7	7	7	7	NA	NA	NA	NA	NA
Other	Simple_repeat	(ATTATG)N	198	39.6	32	54	9.1	NA	NA	NA	NA
Other	Simple_repeat	(ATTATT)N	59	59	59	59	NA	NA	NA	NA	NA
Other	Simple_repeat	(ATTC)N	218	43.6	22	70	17.34	NA	NA	NA	NA
Other	Simple_repeat	(ATTCCGA)N	52	52	52	52	NA	NA	NA	NA	NA
Other	Simple_repeat	(ATTCT)N	40	40	40	40	NA	NA	NA	NA	NA
Other	Simple_repeat	(ATTG)N	617	56.09	24	93	21.85	NA	NA	NA	NA
Other	Simple_repeat	(ATTGA)N	50	50	50	50	NA	NA	NA	NA	NA
Other	Simple_repeat	(ATTGC)N	45	45	45	45	NA	NA	NA	NA	NA
Other	Simple_repeat	(ATTGT)N	50	50	50	50	NA	NA	NA	NA	NA
Other	Simple_repeat	(ATTGTT)N	67	33.5	33	34	0.71	NA	NA	NA	NA
Other	Simple_repeat	(ATTT)N	806	57.57	22	173	39.27	NA	NA	NA	NA
Other	Simple_repeat	(ATTTA)N	111	55.5	49	62	9.19	NA	NA	NA	NA
Other	Simple_repeat	(ATTTAA)N	32	32	32	32	NA	NA	NA	NA	NA
Other	Simple_repeat	(ATTTACA)N	36	36	36	36	NA	NA	NA	NA	NA
Other	Simple_repeat	(ATTTAT)N	45	45	45	45	NA	NA	NA	NA	NA
Other	Simple_repeat	(ATTTATT)N	68	68	68	68	NA	NA	NA	NA	NA
Other	Simple_repeat	(ATTTC)N	392	35.64	26	53	9.28	NA	NA	NA	NA
Other	Simple_repeat	(ATTTCA)N	44	44	44	44	NA	NA	NA	NA	NA
Other	Simple_repeat	(ATTTG)N	41	41	41	41	NA	NA	NA	NA	NA
Other	Simple_repeat	(ATTTT)N	137	34.25	26	50	11.09	NA	NA	NA	NA
Other	Simple_repeat	(ATTTTA)N	34	34	34	34	NA	NA	NA	NA	NA
Other	Simple_repeat	(ATTTTC)N	56	56	56	56	NA	NA	NA	NA	NA
Other	Simple_repeat	(ATTTTGC)N	42	42	42	42	NA	NA	NA	NA	NA
Other	Simple_repeat	(ATTTTTA)N	46	46	46	46	NA	NA	NA	NA	NA
Other	Simple_repeat	(ATTTTTC)N	60	60	60	60	NA	NA	NA	NA	NA
Other	Simple_repeat	(ATTTTTT)N	123	123	123	123	NA	NA	NA	NA	NA
Other	Simple_repeat	(C)N	46	23	17	29	8.49	NA	NA	NA	NA
Other	Simple_repeat	(CA)N	589	32.72	17	84	17.12	NA	NA	NA	NA
Other	Simple_repeat	(CAA)N	523	34.87	21	65	11.56	NA	NA	NA	NA
Other	Simple_repeat	(CAAA)N	25	25	25	25	NA	NA	NA	NA	NA
Other	Simple_repeat	(CAAACT)N	28	28	28	28	NA	NA	NA	NA	NA
Other	Simple_repeat	(CAAAT)N	48	48	48	48	NA	NA	NA	NA	NA
Other	Simple_repeat	(CAACT)N	84	42	40	44	2.83	NA	NA	NA	NA
Other	Simple_repeat	(CAACTA)N	56	56	56	56	NA	NA	NA	NA	NA
Other	Simple_repeat	(CAACTT)N	37	37	37	37	NA	NA	NA	NA	NA
Other	Simple_repeat	(CAAG)N	30	30	30	30	NA	NA	NA	NA	NA
Other	Simple_repeat	(CAAGTT)N	36	36	36	36	NA	NA	NA	NA	NA
Other	Simple_repeat	(CAAT)N	769	64.08	22	175	43.1	NA	NA	NA	NA
Other	Simple_repeat	(CAATA)N	35	35	35	35	NA	NA	NA	NA	NA
Other	Simple_repeat	(CAATAA)N	110	110	110	110	NA	NA	NA	NA	NA
Other	Simple_repeat	(CAATAT)N	45	45	45	45	NA	NA	NA	NA	NA
Other	Simple_repeat	(CAATCT)N	58	58	58	58	NA	NA	NA	NA	NA
Other	Simple_repeat	(CAATT)N	129	64.5	33	96	44.55	NA	NA	NA	NA
Other	Simple_repeat	(CAC)N	412	41.2	20	90	21.08	NA	NA	NA	NA
Other	Simple_repeat	(CACAA)N	27	27	27	27	NA	NA	NA	NA	NA
Other	Simple_repeat	(CACACA)N	91	45.5	39	52	9.19	NA	NA	NA	NA
Other	Simple_repeat	(CACACG)N	32	32	32	32	NA	NA	NA	NA	NA
Other	Simple_repeat	(CACAG)N	40	40	40	40	NA	NA	NA	NA	NA
Other	Simple_repeat	(CACAGAA)N	53	53	53	53	NA	NA	NA	NA	NA
Other	Simple_repeat	(CACATA)N	45	22.5	15	30	10.61	NA	NA	NA	NA
Other	Simple_repeat	(CACC)N	36	36	36	36	NA	NA	NA	NA	NA
Other	Simple_repeat	(CACCA)N	28	28	28	28	NA	NA	NA	NA	NA
Other	Simple_repeat	(CACCAC)N	1558	1558	1558	1558	NA	NA	NA	NA	NA
Other	Simple_repeat	(CACCTA)N	35	35	35	35	NA	NA	NA	NA	NA
Other	Simple_repeat	(CACG)N	67	33.5	23	44	14.85	NA	NA	NA	NA
Other	Simple_repeat	(CACGTA)N	49	49	49	49	NA	NA	NA	NA	NA
Other	Simple_repeat	(CACT)N	99	49.5	49	50	0.71	NA	NA	NA	NA
Other	Simple_repeat	(CACTGC)N	38	38	38	38	NA	NA	NA	NA	NA
Other	Simple_repeat	(CACTTT)N	31	31	31	31	NA	NA	NA	NA	NA
Other	Simple_repeat	(CAG)N	23	23	23	23	NA	NA	NA	NA	NA
Other	Simple_repeat	(CAGAA)N	29	29	29	29	NA	NA	NA	NA	NA
Other	Simple_repeat	(CAGAGTT)N	101	101	101	101	NA	NA	NA	NA	NA
Other	Simple_repeat	(CAGATT)N	31	31	31	31	NA	NA	NA	NA	NA
Other	Simple_repeat	(CAGCATT)N	44	44	44	44	NA	NA	NA	NA	NA
Other	Simple_repeat	(CAGGAG)N	78	39	25	53	19.8	NA	NA	NA	NA
Other	Simple_repeat	(CAGGCA)N	43	43	43	43	NA	NA	NA	NA	NA
Other	Simple_repeat	(CAGGTCGTTT)N	53	53	53	53	NA	NA	NA	NA	NA
Other	Simple_repeat	(CAGTATAT)N	48	48	48	48	NA	NA	NA	NA	NA
Other	Simple_repeat	(CAGTT)N	50	50	50	50	NA	NA	NA	NA	NA
Other	Simple_repeat	(CAGTTT)N	35	35	35	35	NA	NA	NA	NA	NA
Other	Simple_repeat	(CAT)N	2107	54.03	17	154	33.5	NA	NA	NA	NA
Other	Simple_repeat	(CATA)N	438	39.82	23	65	14.55	NA	NA	NA	NA
Other	Simple_repeat	(CATAAT)N	89	89	89	89	NA	NA	NA	NA	NA
Other	Simple_repeat	(CATACTT)N	49	49	49	49	NA	NA	NA	NA	NA
Other	Simple_repeat	(CATAGTT)N	31	31	31	31	NA	NA	NA	NA	NA
Other	Simple_repeat	(CATAT)N	527	263.5	100	427	231.22	NA	NA	NA	NA
Other	Simple_repeat	(CATC)N	39	39	39	39	NA	NA	NA	NA	NA
Other	Simple_repeat	(CATCAC)N	1167	58.35	49	65	6.28	NA	NA	NA	NA
Other	Simple_repeat	(CATCAT)N	214	214	214	214	NA	NA	NA	NA	NA
Other	Simple_repeat	(CATCTAT)N	39	39	39	39	NA	NA	NA	NA	NA
Other	Simple_repeat	(CATG)N	30	30	30	30	NA	NA	NA	NA	NA
Other	Simple_repeat	(CATGAT)N	46	46	46	46	NA	NA	NA	NA	NA
Other	Simple_repeat	(CATT)N	351	70.2	23	162	53.29	NA	NA	NA	NA
Other	Simple_repeat	(CATTAA)N	334	334	334	334	NA	NA	NA	NA	NA
Other	Simple_repeat	(CATTAT)N	69	69	69	69	NA	NA	NA	NA	NA
Other	Simple_repeat	(CATTATT)N	40	40	40	40	NA	NA	NA	NA	NA
Other	Simple_repeat	(CATTT)N	120	30	25	36	4.97	NA	NA	NA	NA
Other	Simple_repeat	(CATTTTA)N	33	33	33	33	NA	NA	NA	NA	NA
Other	Simple_repeat	(CCA)N	31	31	31	31	NA	NA	NA	NA	NA
Other	Simple_repeat	(CCACAA)N	34	34	34	34	NA	NA	NA	NA	NA
Other	Simple_repeat	(CCAT)N	164	164	164	164	NA	NA	NA	NA	NA
Other	Simple_repeat	(CCATA)N	391	391	391	391	NA	NA	NA	NA	NA
Other	Simple_repeat	(CCCAT)N	53	53	53	53	NA	NA	NA	NA	NA
Other	Simple_repeat	(CCCCA)N	25	25	25	25	NA	NA	NA	NA	NA
Other	Simple_repeat	(CCCCTTGC)N	38	38	38	38	NA	NA	NA	NA	NA
Other	Simple_repeat	(CCCT)N	76	76	76	76	NA	NA	NA	NA	NA
Other	Simple_repeat	(CCG)N	31	31	31	31	NA	NA	NA	NA	NA
Other	Simple_repeat	(CCGCA)N	45	45	45	45	NA	NA	NA	NA	NA
Other	Simple_repeat	(CCGGAG)N	111	111	111	111	NA	NA	NA	NA	NA
Other	Simple_repeat	(CCTAATT)N	53	53	53	53	NA	NA	NA	NA	NA
Other	Simple_repeat	(CCTCGTT)N	43	43	43	43	NA	NA	NA	NA	NA
Other	Simple_repeat	(CCTCTA)N	51	51	51	51	NA	NA	NA	NA	NA
Other	Simple_repeat	(CCTCTGG)N	41	41	41	41	NA	NA	NA	NA	NA
Other	Simple_repeat	(CGAATGA)N	51	51	51	51	NA	NA	NA	NA	NA
Other	Simple_repeat	(CGACT)N	41	41	41	41	NA	NA	NA	NA	NA
Other	Simple_repeat	(CGAGCT)N	33	33	33	33	NA	NA	NA	NA	NA
Other	Simple_repeat	(CGAGGA)N	25	25	25	25	NA	NA	NA	NA	NA
Other	Simple_repeat	(CGATG)N	36	36	36	36	NA	NA	NA	NA	NA
Other	Simple_repeat	(CGCACT)N	36	36	36	36	NA	NA	NA	NA	NA
Other	Simple_repeat	(CGCGC)N	28	28	28	28	NA	NA	NA	NA	NA
Other	Simple_repeat	(CGCTCAGAAT)N	54	54	54	54	NA	NA	NA	NA	NA
Other	Simple_repeat	(CGGAT)N	36	36	36	36	NA	NA	NA	NA	NA
Other	Simple_repeat	(CGGATTTTTG)N	50	50	50	50	NA	NA	NA	NA	NA
Other	Simple_repeat	(CGT)N	62	31	22	40	12.73	NA	NA	NA	NA
Other	Simple_repeat	(CGTCA)N	34	34	34	34	NA	NA	NA	NA	NA
Other	Simple_repeat	(CGTCAA)N	34	34	34	34	NA	NA	NA	NA	NA
Other	Simple_repeat	(CGTTACAAA)N	46	46	46	46	NA	NA	NA	NA	NA
Other	Simple_repeat	(CGTTC)N	102	34	26	38	6.93	NA	NA	NA	NA
Other	Simple_repeat	(CT)N	608	43.43	20	107	27.58	NA	NA	NA	NA
Other	Simple_repeat	(CTAA)N	73	73	73	73	NA	NA	NA	NA	NA
Other	Simple_repeat	(CTAACC)N	369	92.25	32	127	41.56	NA	NA	NA	NA
Other	Simple_repeat	(CTACA)N	45	45	45	45	NA	NA	NA	NA	NA
Other	Simple_repeat	(CTACAA)N	41	41	41	41	NA	NA	NA	NA	NA
Other	Simple_repeat	(CTAT)N	120	120	120	120	NA	NA	NA	NA	NA
Other	Simple_repeat	(CTATA)N	1122	280.5	40	803	360.74	NA	NA	NA	NA
Other	Simple_repeat	(CTATGAA)N	54	54	54	54	NA	NA	NA	NA	NA
Other	Simple_repeat	(CTATGGT)N	42	42	42	42	NA	NA	NA	NA	NA
Other	Simple_repeat	(CTATT)N	102	102	102	102	NA	NA	NA	NA	NA
Other	Simple_repeat	(CTC)N	19	19	19	19	NA	NA	NA	NA	NA
Other	Simple_repeat	(CTCA)N	680	170	37	333	128.98	NA	NA	NA	NA
Other	Simple_repeat	(CTCC)N	104	52	37	67	21.21	NA	NA	NA	NA
Other	Simple_repeat	(CTCCGG)N	204	68	68	68	0	NA	NA	NA	NA
Other	Simple_repeat	(CTCGTAA)N	52	52	52	52	NA	NA	NA	NA	NA
Other	Simple_repeat	(CTCT)N	256	85.33	42	144	52.7	NA	NA	NA	NA
Other	Simple_repeat	(CTCTAA)N	31	31	31	31	NA	NA	NA	NA	NA
Other	Simple_repeat	(CTCTC)N	28	28	28	28	NA	NA	NA	NA	NA
Other	Simple_repeat	(CTCTG)N	33	33	33	33	NA	NA	NA	NA	NA
Other	Simple_repeat	(CTCTTC)N	51	51	51	51	NA	NA	NA	NA	NA
Other	Simple_repeat	(CTCTTTAAA)N	35	35	35	35	NA	NA	NA	NA	NA
Other	Simple_repeat	(CTG)N	124	31	11	44	15.34	NA	NA	NA	NA
Other	Simple_repeat	(CTGAA)N	31	31	31	31	NA	NA	NA	NA	NA
Other	Simple_repeat	(CTGT)N	208	104	95	113	12.73	NA	NA	NA	NA
Other	Simple_repeat	(CTGTT)N	48	48	48	48	NA	NA	NA	NA	NA
Other	Simple_repeat	(CTT)N	426	71	28	192	65.02	NA	NA	NA	NA
Other	Simple_repeat	(CTTCC)N	56	56	56	56	NA	NA	NA	NA	NA
Other	Simple_repeat	(CTTCCTC)N	47	47	47	47	NA	NA	NA	NA	NA
Other	Simple_repeat	(CTTCGA)N	127	127	127	127	NA	NA	NA	NA	NA
Other	Simple_repeat	(CTTCT)N	55	55	55	55	NA	NA	NA	NA	NA
Other	Simple_repeat	(CTTCTGAA)N	72	72	72	72	NA	NA	NA	NA	NA
Other	Simple_repeat	(CTTCTT)N	31	31	31	31	NA	NA	NA	NA	NA
Other	Simple_repeat	(CTTG)N	37	37	37	37	NA	NA	NA	NA	NA
Other	Simple_repeat	(CTTT)N	431	71.83	34	230	77.69	NA	NA	NA	NA
Other	Simple_repeat	(CTTTAC)N	72	72	72	72	NA	NA	NA	NA	NA
Other	Simple_repeat	(CTTTCT)N	50	50	50	50	NA	NA	NA	NA	NA
Other	Simple_repeat	(CTTTCTT)N	54	54	54	54	NA	NA	NA	NA	NA
Other	Simple_repeat	(CTTTGAA)N	72	72	72	72	NA	NA	NA	NA	NA
Other	Simple_repeat	(CTTTGG)N	32	32	32	32	NA	NA	NA	NA	NA
Other	Simple_repeat	(CTTTT)N	92	46	41	51	7.07	NA	NA	NA	NA
Other	Simple_repeat	(CTTTTAG)N	38	38	38	38	NA	NA	NA	NA	NA
Other	Simple_repeat	(CTTTTAT)N	43	43	43	43	NA	NA	NA	NA	NA
Other	Simple_repeat	(CTTTTC)N	56	56	56	56	NA	NA	NA	NA	NA
Other	Simple_repeat	(CTTTTT)N	128	64	45	83	26.87	NA	NA	NA	NA
Other	Simple_repeat	(CTTTTTC)N	60	60	60	60	NA	NA	NA	NA	NA
Other	Simple_repeat	(G)N	41	20.5	19	22	2.12	NA	NA	NA	NA
Other	Simple_repeat	(GA)N	569	37.93	20	105	20.67	NA	NA	NA	NA
Other	Simple_repeat	(GAA)N	138	27.6	26	31	2.3	NA	NA	NA	NA
Other	Simple_repeat	(GAAA)N	22	22	22	22	NA	NA	NA	NA	NA
Other	Simple_repeat	(GAAAAT)N	34	34	34	34	NA	NA	NA	NA	NA
Other	Simple_repeat	(GAAAT)N	53	26.5	25	28	2.12	NA	NA	NA	NA
Other	Simple_repeat	(GAAATA)N	26	26	26	26	NA	NA	NA	NA	NA
Other	Simple_repeat	(GAACGT)N	38	38	38	38	NA	NA	NA	NA	NA
Other	Simple_repeat	(GAAGAT)N	37	37	37	37	NA	NA	NA	NA	NA
Other	Simple_repeat	(GAAGCA)N	42	42	42	42	NA	NA	NA	NA	NA
Other	Simple_repeat	(GAAGGT)N	36	36	36	36	NA	NA	NA	NA	NA
Other	Simple_repeat	(GAAT)N	252	42	27	62	12.52	NA	NA	NA	NA
Other	Simple_repeat	(GAATCT)N	98	32.67	31	36	2.89	NA	NA	NA	NA
Other	Simple_repeat	(GAATT)N	84	42	32	52	14.14	NA	NA	NA	NA
Other	Simple_repeat	(GAC)N	71	23.67	19	28	4.51	NA	NA	NA	NA
Other	Simple_repeat	(GACA)N	104	52	29	75	32.53	NA	NA	NA	NA
Other	Simple_repeat	(GACAGT)N	37	37	37	37	NA	NA	NA	NA	NA
Other	Simple_repeat	(GACTTT)N	127	63.5	38	89	36.06	NA	NA	NA	NA
Other	Simple_repeat	(GAG)N	22	22	22	22	NA	NA	NA	NA	NA
Other	Simple_repeat	(GAGG)N	61	30.5	30	31	0.71	NA	NA	NA	NA
Other	Simple_repeat	(GAGGG)N	33	33	33	33	NA	NA	NA	NA	NA
Other	Simple_repeat	(GAGT)N	71	71	71	71	NA	NA	NA	NA	NA
Other	Simple_repeat	(GAGTA)N	35	35	35	35	NA	NA	NA	NA	NA
Other	Simple_repeat	(GAGTC)N	54	54	54	54	NA	NA	NA	NA	NA
Other	Simple_repeat	(GAGTT)N	87	43.5	39	48	6.36	NA	NA	NA	NA
Other	Simple_repeat	(GAGTTAA)N	89	89	89	89	NA	NA	NA	NA	NA
Other	Simple_repeat	(GAT)N	3417	87.62	20	600	106.09	NA	NA	NA	NA
Other	Simple_repeat	(GATA)N	72	36	26	46	14.14	NA	NA	NA	NA
Other	Simple_repeat	(GATAA)N	33	33	33	33	NA	NA	NA	NA	NA
Other	Simple_repeat	(GATAAT)N	48	48	48	48	NA	NA	NA	NA	NA
Other	Simple_repeat	(GATAT)N	278	278	278	278	NA	NA	NA	NA	NA
Other	Simple_repeat	(GATATAG)N	60	60	60	60	NA	NA	NA	NA	NA
Other	Simple_repeat	(GATCAT)N	29	29	29	29	NA	NA	NA	NA	NA
Other	Simple_repeat	(GATCCATTCG)N	91	91	91	91	NA	NA	NA	NA	NA
Other	Simple_repeat	(GATCGCTGAG)N	68	68	68	68	NA	NA	NA	NA	NA
Other	Simple_repeat	(GATGAT)N	190	95	66	124	41.01	NA	NA	NA	NA
Other	Simple_repeat	(GATGC)N	64	64	64	64	NA	NA	NA	NA	NA
Other	Simple_repeat	(GATGTT)N	32	32	32	32	NA	NA	NA	NA	NA
Other	Simple_repeat	(GATGTTAGAC)N	46	46	46	46	NA	NA	NA	NA	NA
Other	Simple_repeat	(GATT)N	372	53.14	31	88	24.84	NA	NA	NA	NA
Other	Simple_repeat	(GATTAT)N	44	44	44	44	NA	NA	NA	NA	NA
Other	Simple_repeat	(GATTG)N	44	44	44	44	NA	NA	NA	NA	NA
Other	Simple_repeat	(GATTT)N	83	41.5	38	45	4.95	NA	NA	NA	NA
Other	Simple_repeat	(GATTTCATGT)N	64	64	64	64	NA	NA	NA	NA	NA
Other	Simple_repeat	(GATTTGT)N	45	45	45	45	NA	NA	NA	NA	NA
Other	Simple_repeat	(GATTTTA)N	81	81	81	81	NA	NA	NA	NA	NA
Other	Simple_repeat	(GCA)N	168	42	29	56	11.63	NA	NA	NA	NA
Other	Simple_repeat	(GCAAA)N	24	24	24	24	NA	NA	NA	NA	NA
Other	Simple_repeat	(GCAACA)N	68	68	68	68	NA	NA	NA	NA	NA
Other	Simple_repeat	(GCAATTACGA)N	71	71	71	71	NA	NA	NA	NA	NA
Other	Simple_repeat	(GCACAATACA)N	51	51	51	51	NA	NA	NA	NA	NA
Other	Simple_repeat	(GCACT)N	99	99	99	99	NA	NA	NA	NA	NA
Other	Simple_repeat	(GCAGAGT)N	49	49	49	49	NA	NA	NA	NA	NA
Other	Simple_repeat	(GCAGCT)N	40	40	40	40	NA	NA	NA	NA	NA
Other	Simple_repeat	(GCCGTT)N	56	56	56	56	NA	NA	NA	NA	NA
Other	Simple_repeat	(GCCTT)N	54	54	54	54	NA	NA	NA	NA	NA
Other	Simple_repeat	(GCGT)N	49	49	49	49	NA	NA	NA	NA	NA
Other	Simple_repeat	(GCGTGC)N	74	74	74	74	NA	NA	NA	NA	NA
Other	Simple_repeat	(GCTATTCAAT)N	53	53	53	53	NA	NA	NA	NA	NA
Other	Simple_repeat	(GCTCT)N	30	30	30	30	NA	NA	NA	NA	NA
Other	Simple_repeat	(GCTGTT)N	49	49	49	49	NA	NA	NA	NA	NA
Other	Simple_repeat	(GCTTT)N	47	47	47	47	NA	NA	NA	NA	NA
Other	Simple_repeat	(GCTTTGGATT)N	62	62	62	62	NA	NA	NA	NA	NA
Other	Simple_repeat	(GGA)N	22	22	22	22	NA	NA	NA	NA	NA
Other	Simple_repeat	(GGAAT)N	36	36	36	36	NA	NA	NA	NA	NA
Other	Simple_repeat	(GGAGGC)N	51	51	51	51	NA	NA	NA	NA	NA
Other	Simple_repeat	(GGATCC)N	51	51	51	51	NA	NA	NA	NA	NA
Other	Simple_repeat	(GGATCTT)N	43	43	43	43	NA	NA	NA	NA	NA
Other	Simple_repeat	(GGGCAG)N	31	31	31	31	NA	NA	NA	NA	NA
Other	Simple_repeat	(GGGGGA)N	31	31	31	31	NA	NA	NA	NA	NA
Other	Simple_repeat	(GGGTTA)N	968	968	968	968	NA	NA	NA	NA	NA
Other	Simple_repeat	(GGT)N	109	54.5	24	85	43.13	NA	NA	NA	NA
Other	Simple_repeat	(GGTA)N	101	101	101	101	NA	NA	NA	NA	NA
Other	Simple_repeat	(GGTATTT)N	56	56	56	56	NA	NA	NA	NA	NA
Other	Simple_repeat	(GGTGTC)N	36	36	36	36	NA	NA	NA	NA	NA
Other	Simple_repeat	(GGTTAG)N	36	36	36	36	NA	NA	NA	NA	NA
Other	Simple_repeat	(GGTTG)N	33	33	33	33	NA	NA	NA	NA	NA
Other	Simple_repeat	(GT)N	597	45.92	17	114	31.01	NA	NA	NA	NA
Other	Simple_repeat	(GTA)N	991	495.5	50	941	630.03	NA	NA	NA	NA
Other	Simple_repeat	(GTACC)N	52	52	52	52	NA	NA	NA	NA	NA
Other	Simple_repeat	(GTACTTT)N	34	34	34	34	NA	NA	NA	NA	NA
Other	Simple_repeat	(GTAGCC)N	58	58	58	58	NA	NA	NA	NA	NA
Other	Simple_repeat	(GTAGTA)N	81	40.5	40	41	0.71	NA	NA	NA	NA
Other	Simple_repeat	(GTAT)N	670	39.41	24	76	17.73	NA	NA	NA	NA
Other	Simple_repeat	(GTATA)N	47	47	47	47	NA	NA	NA	NA	NA
Other	Simple_repeat	(GTATCTC)N	39	39	39	39	NA	NA	NA	NA	NA
Other	Simple_repeat	(GTATT)N	57	57	57	57	NA	NA	NA	NA	NA
Other	Simple_repeat	(GTATTAG)N	54	54	54	54	NA	NA	NA	NA	NA
Other	Simple_repeat	(GTATTAT)N	70	70	70	70	NA	NA	NA	NA	NA
Other	Simple_repeat	(GTATTATATT)N	41	41	41	41	NA	NA	NA	NA	NA
Other	Simple_repeat	(GTATTT)N	31	31	31	31	NA	NA	NA	NA	NA
Other	Simple_repeat	(GTC)N	412	41.2	24	68	14.3	NA	NA	NA	NA
Other	Simple_repeat	(GTCAGGGAAA)N	90	90	90	90	NA	NA	NA	NA	NA
Other	Simple_repeat	(GTCATC)N	54	54	54	54	NA	NA	NA	NA	NA
Other	Simple_repeat	(GTCCACA)N	41	41	41	41	NA	NA	NA	NA	NA
Other	Simple_repeat	(GTCTG)N	31	31	31	31	NA	NA	NA	NA	NA
Other	Simple_repeat	(GTCTGT)N	108	108	108	108	NA	NA	NA	NA	NA
Other	Simple_repeat	(GTCTTT)N	38	38	38	38	NA	NA	NA	NA	NA
Other	Simple_repeat	(GTG)N	85	42.5	42	43	0.71	NA	NA	NA	NA
Other	Simple_repeat	(GTGA)N	223	223	223	223	NA	NA	NA	NA	NA
Other	Simple_repeat	(GTGACCG)N	44	44	44	44	NA	NA	NA	NA	NA
Other	Simple_repeat	(GTGACCTT)N	33	33	33	33	NA	NA	NA	NA	NA
Other	Simple_repeat	(GTGAG)N	646	646	646	646	NA	NA	NA	NA	NA
Other	Simple_repeat	(GTGAGGTAAG)N	77	77	77	77	NA	NA	NA	NA	NA
Other	Simple_repeat	(GTGC)N	146	146	146	146	NA	NA	NA	NA	NA
Other	Simple_repeat	(GTGCGC)N	63	63	63	63	NA	NA	NA	NA	NA
Other	Simple_repeat	(GTGGGCGC)N	55	55	55	55	NA	NA	NA	NA	NA
Other	Simple_repeat	(GTGGTCGTC)N	41	41	41	41	NA	NA	NA	NA	NA
Other	Simple_repeat	(GTGGTG)N	33	33	33	33	NA	NA	NA	NA	NA
Other	Simple_repeat	(GTGT)N	69	69	69	69	NA	NA	NA	NA	NA
Other	Simple_repeat	(GTGTCT)N	36	36	36	36	NA	NA	NA	NA	NA
Other	Simple_repeat	(GTGTTT)N	97	97	97	97	NA	NA	NA	NA	NA
Other	Simple_repeat	(GTT)N	232	33.14	20	55	10.88	NA	NA	NA	NA
Other	Simple_repeat	(GTTA)N	61	61	61	61	NA	NA	NA	NA	NA
Other	Simple_repeat	(GTTAA)N	101	50.5	49	52	2.12	NA	NA	NA	NA
Other	Simple_repeat	(GTTAATA)N	76	76	76	76	NA	NA	NA	NA	NA
Other	Simple_repeat	(GTTAT)N	45	45	45	45	NA	NA	NA	NA	NA
Other	Simple_repeat	(GTTATT)N	71	71	71	71	NA	NA	NA	NA	NA
Other	Simple_repeat	(GTTATTG)N	69	69	69	69	NA	NA	NA	NA	NA
Other	Simple_repeat	(GTTCGT)N	37	37	37	37	NA	NA	NA	NA	NA
Other	Simple_repeat	(GTTCTC)N	32	32	32	32	NA	NA	NA	NA	NA
Other	Simple_repeat	(GTTGCA)N	44	44	44	44	NA	NA	NA	NA	NA
Other	Simple_repeat	(GTTTCA)N	30	30	30	30	NA	NA	NA	NA	NA
Other	Simple_repeat	(GTTTTGGAAA)N	50	50	50	50	NA	NA	NA	NA	NA
Other	Simple_repeat	(T)N	591	32.83	19	96	16.68	NA	NA	NA	NA
Other	Simple_repeat	(TA)N	50333	116.51	18	800	94.54	NA	NA	NA	NA
Other	Simple_repeat	(TAA)N	1227	36.09	20	121	20.35	NA	NA	NA	NA
Other	Simple_repeat	(TAAA)N	230	25.56	22	34	3.5	NA	NA	NA	NA
Other	Simple_repeat	(TAAATCA)N	40	40	40	40	NA	NA	NA	NA	NA
Other	Simple_repeat	(TAAATGG)N	66	66	66	66	NA	NA	NA	NA	NA
Other	Simple_repeat	(TAAC)N	26	26	26	26	NA	NA	NA	NA	NA
Other	Simple_repeat	(TAACA)N	535	535	535	535	NA	NA	NA	NA	NA
Other	Simple_repeat	(TAACAA)N	34	34	34	34	NA	NA	NA	NA	NA
Other	Simple_repeat	(TAACAC)N	33	33	33	33	NA	NA	NA	NA	NA
Other	Simple_repeat	(TAACCC)N	58	58	58	58	NA	NA	NA	NA	NA
Other	Simple_repeat	(TAACTA)N	57	57	57	57	NA	NA	NA	NA	NA
Other	Simple_repeat	(TAAGAA)N	32	32	32	32	NA	NA	NA	NA	NA
Other	Simple_repeat	(TAAGAAG)N	37	37	37	37	NA	NA	NA	NA	NA
Other	Simple_repeat	(TAAGAC)N	57	57	57	57	NA	NA	NA	NA	NA
Other	Simple_repeat	(TAAGAT)N	89	89	89	89	NA	NA	NA	NA	NA
Other	Simple_repeat	(TAAGCTA)N	44	44	44	44	NA	NA	NA	NA	NA
Other	Simple_repeat	(TAAT)N	27	27	27	27	NA	NA	NA	NA	NA
Other	Simple_repeat	(TAATA)N	1169	97.42	34	260	63.95	NA	NA	NA	NA
Other	Simple_repeat	(TAATAA)N	57	57	57	57	NA	NA	NA	NA	NA
Other	Simple_repeat	(TAATAGA)N	39	39	39	39	NA	NA	NA	NA	NA
Other	Simple_repeat	(TAATAGT)N	43	43	43	43	NA	NA	NA	NA	NA
Other	Simple_repeat	(TAATATTC)N	51	51	51	51	NA	NA	NA	NA	NA
Other	Simple_repeat	(TAATCAA)N	65	65	65	65	NA	NA	NA	NA	NA
Other	Simple_repeat	(TAATCGAA)N	42	42	42	42	NA	NA	NA	NA	NA
Other	Simple_repeat	(TAATG)N	111	111	111	111	NA	NA	NA	NA	NA
Other	Simple_repeat	(TAATT)N	218	43.6	31	69	15.84	NA	NA	NA	NA
Other	Simple_repeat	(TAATTCA)N	38	38	38	38	NA	NA	NA	NA	NA
Other	Simple_repeat	(TAATTCT)N	36	36	36	36	NA	NA	NA	NA	NA
Other	Simple_repeat	(TAATTGT)N	45	45	45	45	NA	NA	NA	NA	NA
Other	Simple_repeat	(TAC)N	42	42	42	42	NA	NA	NA	NA	NA
Other	Simple_repeat	(TACA)N	579	44.54	25	76	17.37	NA	NA	NA	NA
Other	Simple_repeat	(TACAA)N	53	53	53	53	NA	NA	NA	NA	NA
Other	Simple_repeat	(TACAACA)N	48	48	48	48	NA	NA	NA	NA	NA
Other	Simple_repeat	(TACAATA)N	52	52	52	52	NA	NA	NA	NA	NA
Other	Simple_repeat	(TACACA)N	55	55	55	55	NA	NA	NA	NA	NA
Other	Simple_repeat	(TACAG)N	280	93.33	39	167	66.15	NA	NA	NA	NA
Other	Simple_repeat	(TACAGGT)N	35	35	35	35	NA	NA	NA	NA	NA
Other	Simple_repeat	(TACAT)N	109	54.5	34	75	28.99	NA	NA	NA	NA
Other	Simple_repeat	(TACGAGT)N	104	104	104	104	NA	NA	NA	NA	NA
Other	Simple_repeat	(TACTA)N	385	128.33	50	250	106.81	NA	NA	NA	NA
Other	Simple_repeat	(TACTACA)N	50	50	50	50	NA	NA	NA	NA	NA
Other	Simple_repeat	(TACTC)N	170	85	61	109	33.94	NA	NA	NA	NA
Other	Simple_repeat	(TACTGT)N	33	33	33	33	NA	NA	NA	NA	NA
Other	Simple_repeat	(TAGA)N	53	26.5	21	32	7.78	NA	NA	NA	NA
Other	Simple_repeat	(TAGAA)N	39	39	39	39	NA	NA	NA	NA	NA
Other	Simple_repeat	(TAGT)N	87	43.5	34	53	13.44	NA	NA	NA	NA
Other	Simple_repeat	(TAGTA)N	120	120	120	120	NA	NA	NA	NA	NA
Other	Simple_repeat	(TAGTAAG)N	44	44	44	44	NA	NA	NA	NA	NA
Other	Simple_repeat	(TAGTAT)N	25	25	25	25	NA	NA	NA	NA	NA
Other	Simple_repeat	(TAGTCAT)N	43	43	43	43	NA	NA	NA	NA	NA
Other	Simple_repeat	(TAGTTCA)N	218	218	218	218	NA	NA	NA	NA	NA
Other	Simple_repeat	(TAGTTG)N	79	79	79	79	NA	NA	NA	NA	NA
Other	Simple_repeat	(TAGTTTAT)N	42	42	42	42	NA	NA	NA	NA	NA
Other	Simple_repeat	(TAT)N	988	36.59	17	70	13.91	NA	NA	NA	NA
Other	Simple_repeat	(TATA)N	3218	134.08	37	405	99.11	NA	NA	NA	NA
Other	Simple_repeat	(TATAA)N	906	151	43	311	94.85	NA	NA	NA	NA
Other	Simple_repeat	(TATAAT)N	81	40.5	29	52	16.26	NA	NA	NA	NA
Other	Simple_repeat	(TATAATA)N	58	58	58	58	NA	NA	NA	NA	NA
Other	Simple_repeat	(TATAATT)N	35	35	35	35	NA	NA	NA	NA	NA
Other	Simple_repeat	(TATAC)N	158	52.67	27	75	24.17	NA	NA	NA	NA
Other	Simple_repeat	(TATACA)N	48	48	48	48	NA	NA	NA	NA	NA
Other	Simple_repeat	(TATAG)N	953	190.6	40	467	174.76	NA	NA	NA	NA
Other	Simple_repeat	(TATAGAA)N	71	71	71	71	NA	NA	NA	NA	NA
Other	Simple_repeat	(TATAGTA)N	68	68	68	68	NA	NA	NA	NA	NA
Other	Simple_repeat	(TATAT)N	2055	137	7	342	84.88	NA	NA	NA	NA
Other	Simple_repeat	(TATATA)N	1180	147.5	58	229	59.93	NA	NA	NA	NA
Other	Simple_repeat	(TATATAA)N	56	56	56	56	NA	NA	NA	NA	NA
Other	Simple_repeat	(TATATATA)N	386	386	386	386	NA	NA	NA	NA	NA
Other	Simple_repeat	(TATATATAG)N	148	148	148	148	NA	NA	NA	NA	NA
Other	Simple_repeat	(TATATC)N	34	34	34	34	NA	NA	NA	NA	NA
Other	Simple_repeat	(TATATCA)N	35	35	35	35	NA	NA	NA	NA	NA
Other	Simple_repeat	(TATATG)N	99	49.5	35	64	20.51	NA	NA	NA	NA
Other	Simple_repeat	(TATATT)N	114	38	33	46	7	NA	NA	NA	NA
Other	Simple_repeat	(TATATTAGT)N	43	43	43	43	NA	NA	NA	NA	NA
Other	Simple_repeat	(TATATTT)N	37	37	37	37	NA	NA	NA	NA	NA
Other	Simple_repeat	(TATC)N	60	30	30	30	0	NA	NA	NA	NA
Other	Simple_repeat	(TATCA)N	129	64.5	56	73	12.02	NA	NA	NA	NA
Other	Simple_repeat	(TATCATA)N	336	336	336	336	NA	NA	NA	NA	NA
Other	Simple_repeat	(TATCATT)N	67	67	67	67	NA	NA	NA	NA	NA
Other	Simple_repeat	(TATCCTA)N	69	69	69	69	NA	NA	NA	NA	NA
Other	Simple_repeat	(TATCTGC)N	47	47	47	47	NA	NA	NA	NA	NA
Other	Simple_repeat	(TATCTTA)N	96	96	96	96	NA	NA	NA	NA	NA
Other	Simple_repeat	(TATG)N	1182	56.29	22	168	40.73	NA	NA	NA	NA
Other	Simple_repeat	(TATGA)N	37	37	37	37	NA	NA	NA	NA	NA
Other	Simple_repeat	(TATGAA)N	35	35	35	35	NA	NA	NA	NA	NA
Other	Simple_repeat	(TATGACT)N	128	64	61	67	4.24	NA	NA	NA	NA
Other	Simple_repeat	(TATGCAG)N	108	108	108	108	NA	NA	NA	NA	NA
Other	Simple_repeat	(TATGTA)N	150	50	35	77	23.43	NA	NA	NA	NA
Other	Simple_repeat	(TATT)N	540	36	25	68	13.13	NA	NA	NA	NA
Other	Simple_repeat	(TATTA)N	875	145.83	31	278	106.52	NA	NA	NA	NA
Other	Simple_repeat	(TATTAT)N	39	39	39	39	NA	NA	NA	NA	NA
Other	Simple_repeat	(TATTATA)N	45	22.5	7	38	21.92	NA	NA	NA	NA
Other	Simple_repeat	(TATTC)N	93	46.5	41	52	7.78	NA	NA	NA	NA
Other	Simple_repeat	(TATTG)N	85	85	85	85	NA	NA	NA	NA	NA
Other	Simple_repeat	(TATTGA)N	218	218	218	218	NA	NA	NA	NA	NA
Other	Simple_repeat	(TATTGTG)N	35	35	35	35	NA	NA	NA	NA	NA
Other	Simple_repeat	(TATTT)N	778	55.57	28	91	18.83	NA	NA	NA	NA
Other	Simple_repeat	(TATTTAA)N	60	60	60	60	NA	NA	NA	NA	NA
Other	Simple_repeat	(TATTTCA)N	45	45	45	45	NA	NA	NA	NA	NA
Other	Simple_repeat	(TATTTTA)N	97	48.5	35	62	19.09	NA	NA	NA	NA
Other	Simple_repeat	(TATTTTT)N	81	40.5	38	43	3.54	NA	NA	NA	NA
Other	Simple_repeat	(TC)N	1005	38.65	24	63	10.18	NA	NA	NA	NA
Other	Simple_repeat	(TCA)N	3731	91	18	423	96.73	NA	NA	NA	NA
Other	Simple_repeat	(TCAA)N	373	62.17	28	105	26.1	NA	NA	NA	NA
Other	Simple_repeat	(TCAAA)N	63	31.5	29	34	3.54	NA	NA	NA	NA
Other	Simple_repeat	(TCAAG)N	29	29	29	29	NA	NA	NA	NA	NA
Other	Simple_repeat	(TCAAT)N	247	49.4	30	87	22.58	NA	NA	NA	NA
Other	Simple_repeat	(TCAATCA)N	33	33	33	33	NA	NA	NA	NA	NA
Other	Simple_repeat	(TCAATG)N	33	33	33	33	NA	NA	NA	NA	NA
Other	Simple_repeat	(TCAATTA)N	36	36	36	36	NA	NA	NA	NA	NA
Other	Simple_repeat	(TCACCA)N	158	39.5	13	56	19.02	NA	NA	NA	NA
Other	Simple_repeat	(TCACCTA)N	29	29	29	29	NA	NA	NA	NA	NA
Other	Simple_repeat	(TCACTG)N	183	183	183	183	NA	NA	NA	NA	NA
Other	Simple_repeat	(TCACTGAT)N	99	99	99	99	NA	NA	NA	NA	NA
Other	Simple_repeat	(TCACTT)N	29	29	29	29	NA	NA	NA	NA	NA
Other	Simple_repeat	(TCAGATTGA)N	52	52	52	52	NA	NA	NA	NA	NA
Other	Simple_repeat	(TCAGT)N	72	36	33	39	4.24	NA	NA	NA	NA
Other	Simple_repeat	(TCAT)N	579	72.38	29	154	40.73	NA	NA	NA	NA
Other	Simple_repeat	(TCATA)N	26	26	26	26	NA	NA	NA	NA	NA
Other	Simple_repeat	(TCATAA)N	75	75	75	75	NA	NA	NA	NA	NA
Other	Simple_repeat	(TCATAT)N	30	30	30	30	NA	NA	NA	NA	NA
Other	Simple_repeat	(TCATATGCAA)N	84	84	84	84	NA	NA	NA	NA	NA
Other	Simple_repeat	(TCATCA)N	364	182	35	329	207.89	NA	NA	NA	NA
Other	Simple_repeat	(TCATCT)N	42	42	42	42	NA	NA	NA	NA	NA
Other	Simple_repeat	(TCATT)N	154	38.5	27	63	16.52	NA	NA	NA	NA
Other	Simple_repeat	(TCATTA)N	200	100	48	152	73.54	NA	NA	NA	NA
Other	Simple_repeat	(TCATTAC)N	42	42	42	42	NA	NA	NA	NA	NA
Other	Simple_repeat	(TCATTCAA)N	70	70	70	70	NA	NA	NA	NA	NA
Other	Simple_repeat	(TCC)N	42	42	42	42	NA	NA	NA	NA	NA
Other	Simple_repeat	(TCCA)N	36	36	36	36	NA	NA	NA	NA	NA
Other	Simple_repeat	(TCCAAC)N	62	31	31	31	0	NA	NA	NA	NA
Other	Simple_repeat	(TCCCCCT)N	76	38	38	38	0	NA	NA	NA	NA
Other	Simple_repeat	(TCCCT)N	48	48	48	48	NA	NA	NA	NA	NA
Other	Simple_repeat	(TCCTA)N	62	62	62	62	NA	NA	NA	NA	NA
Other	Simple_repeat	(TCCTT)N	28	28	28	28	NA	NA	NA	NA	NA
Other	Simple_repeat	(TCCTTC)N	232	77.33	77	78	0.58	NA	NA	NA	NA
Other	Simple_repeat	(TCCTTT)N	41	41	41	41	NA	NA	NA	NA	NA
Other	Simple_repeat	(TCG)N	391	65.17	17	180	64.99	NA	NA	NA	NA
Other	Simple_repeat	(TCGTACGCTT)N	100	100	100	100	NA	NA	NA	NA	NA
Other	Simple_repeat	(TCGTTT)N	33	33	33	33	NA	NA	NA	NA	NA
Other	Simple_repeat	(TCT)N	449	49.89	17	98	24.31	NA	NA	NA	NA
Other	Simple_repeat	(TCTA)N	372	74.4	28	130	39.37	NA	NA	NA	NA
Other	Simple_repeat	(TCTAAC)N	63	63	63	63	NA	NA	NA	NA	NA
Other	Simple_repeat	(TCTAT)N	83	41.5	33	50	12.02	NA	NA	NA	NA
Other	Simple_repeat	(TCTATT)N	37	37	37	37	NA	NA	NA	NA	NA
Other	Simple_repeat	(TCTCCT)N	44	44	44	44	NA	NA	NA	NA	NA
Other	Simple_repeat	(TCTCGTAAC)N	73	73	73	73	NA	NA	NA	NA	NA
Other	Simple_repeat	(TCTCTG)N	83	83	83	83	NA	NA	NA	NA	NA
Other	Simple_repeat	(TCTCTTG)N	75	75	75	75	NA	NA	NA	NA	NA
Other	Simple_repeat	(TCTG)N	85	85	85	85	NA	NA	NA	NA	NA
Other	Simple_repeat	(TCTT)N	416	104	39	263	106.35	NA	NA	NA	NA
Other	Simple_repeat	(TCTTA)N	61	61	61	61	NA	NA	NA	NA	NA
Other	Simple_repeat	(TCTTAT)N	74	74	74	74	NA	NA	NA	NA	NA
Other	Simple_repeat	(TCTTT)N	202	40.4	31	55	9.26	NA	NA	NA	NA
Other	Simple_repeat	(TCTTTG)N	85	85	85	85	NA	NA	NA	NA	NA
Other	Simple_repeat	(TCTTTTC)N	57	57	57	57	NA	NA	NA	NA	NA
Other	Simple_repeat	(TG)N	1005	43.7	20	113	25.46	NA	NA	NA	NA
Other	Simple_repeat	(TGA)N	5566	91.25	18	468	92.96	NA	NA	NA	NA
Other	Simple_repeat	(TGAA)N	234	46.8	28	73	16.81	NA	NA	NA	NA
Other	Simple_repeat	(TGAAA)N	68	34	33	35	1.41	NA	NA	NA	NA
Other	Simple_repeat	(TGAAC)N	188	62.67	27	118	48.58	NA	NA	NA	NA
Other	Simple_repeat	(TGAACATT)N	67	67	67	67	NA	NA	NA	NA	NA
Other	Simple_repeat	(TGAAG)N	30	30	30	30	NA	NA	NA	NA	NA
Other	Simple_repeat	(TGAAGCA)N	36	36	36	36	NA	NA	NA	NA	NA
Other	Simple_repeat	(TGAATCA)N	51	51	51	51	NA	NA	NA	NA	NA
Other	Simple_repeat	(TGAATTA)N	41	41	41	41	NA	NA	NA	NA	NA
Other	Simple_repeat	(TGACGATGA)N	48	48	48	48	NA	NA	NA	NA	NA
Other	Simple_repeat	(TGAG)N	351	87.75	54	176	58.91	NA	NA	NA	NA
Other	Simple_repeat	(TGAGAGC)N	36	36	36	36	NA	NA	NA	NA	NA
Other	Simple_repeat	(TGAT)N	813	58.07	27	86	17.35	NA	NA	NA	NA
Other	Simple_repeat	(TGATA)N	149	49.67	25	65	21.57	NA	NA	NA	NA
Other	Simple_repeat	(TGATAG)N	237	237	237	237	NA	NA	NA	NA	NA
Other	Simple_repeat	(TGATAT)N	74	37	34	40	4.24	NA	NA	NA	NA
Other	Simple_repeat	(TGATCAC)N	61	61	61	61	NA	NA	NA	NA	NA
Other	Simple_repeat	(TGATGA)N	82	82	82	82	NA	NA	NA	NA	NA
Other	Simple_repeat	(TGATGC)N	23	23	23	23	NA	NA	NA	NA	NA
Other	Simple_repeat	(TGATT)N	139	69.5	43	96	37.48	NA	NA	NA	NA
Other	Simple_repeat	(TGATTCACA)N	72	72	72	72	NA	NA	NA	NA	NA
Other	Simple_repeat	(TGATTCTGTG)N	53	53	53	53	NA	NA	NA	NA	NA
Other	Simple_repeat	(TGATTGA)N	85	85	85	85	NA	NA	NA	NA	NA
Other	Simple_repeat	(TGATTT)N	144	72	70	74	2.83	NA	NA	NA	NA
Other	Simple_repeat	(TGATTTG)N	47	47	47	47	NA	NA	NA	NA	NA
Other	Simple_repeat	(TGATTTTCA)N	38	38	38	38	NA	NA	NA	NA	NA
Other	Simple_repeat	(TGC)N	163	27.17	19	33	5.19	NA	NA	NA	NA
Other	Simple_repeat	(TGCAA)N	44	44	44	44	NA	NA	NA	NA	NA
Other	Simple_repeat	(TGCAGAA)N	48	48	48	48	NA	NA	NA	NA	NA
Other	Simple_repeat	(TGCTATA)N	49	49	49	49	NA	NA	NA	NA	NA
Other	Simple_repeat	(TGCTCGGTGC)N	74	74	74	74	NA	NA	NA	NA	NA
Other	Simple_repeat	(TGCTCTT)N	76	76	76	76	NA	NA	NA	NA	NA
Other	Simple_repeat	(TGCTGCTCGA)N	95	95	95	95	NA	NA	NA	NA	NA
Other	Simple_repeat	(TGCTTC)N	78	39	36	42	4.24	NA	NA	NA	NA
Other	Simple_repeat	(TGG)N	209	41.8	24	57	14.34	NA	NA	NA	NA
Other	Simple_repeat	(TGGA)N	220	110	55	165	77.78	NA	NA	NA	NA
Other	Simple_repeat	(TGGAAA)N	54	54	54	54	NA	NA	NA	NA	NA
Other	Simple_repeat	(TGGAAGA)N	94	94	94	94	NA	NA	NA	NA	NA
Other	Simple_repeat	(TGGG)N	26	26	26	26	NA	NA	NA	NA	NA
Other	Simple_repeat	(TGGGTCAGAT)N	66	66	66	66	NA	NA	NA	NA	NA
Other	Simple_repeat	(TGGT)N	110	55	31	79	33.94	NA	NA	NA	NA
Other	Simple_repeat	(TGGTATT)N	39	39	39	39	NA	NA	NA	NA	NA
Other	Simple_repeat	(TGGTGA)N	33	33	33	33	NA	NA	NA	NA	NA
Other	Simple_repeat	(TGGTGC)N	73	73	73	73	NA	NA	NA	NA	NA
Other	Simple_repeat	(TGGTTG)N	34	34	34	34	NA	NA	NA	NA	NA
Other	Simple_repeat	(TGT)N	556	32.71	22	50	7.89	NA	NA	NA	NA
Other	Simple_repeat	(TGTA)N	608	67.56	27	151	42.86	NA	NA	NA	NA
Other	Simple_repeat	(TGTAA)N	99	49.5	45	54	6.36	NA	NA	NA	NA
Other	Simple_repeat	(TGTAAC)N	117	117	117	117	NA	NA	NA	NA	NA
Other	Simple_repeat	(TGTACTAGTA)N	72	72	72	72	NA	NA	NA	NA	NA
Other	Simple_repeat	(TGTAG)N	44	44	44	44	NA	NA	NA	NA	NA
Other	Simple_repeat	(TGTAGAA)N	40	40	40	40	NA	NA	NA	NA	NA
Other	Simple_repeat	(TGTAGCA)N	40	40	40	40	NA	NA	NA	NA	NA
Other	Simple_repeat	(TGTAT)N	425	212.5	65	360	208.6	NA	NA	NA	NA
Other	Simple_repeat	(TGTATA)N	86	86	86	86	NA	NA	NA	NA	NA
Other	Simple_repeat	(TGTATT)N	46	46	46	46	NA	NA	NA	NA	NA
Other	Simple_repeat	(TGTATTA)N	48	48	48	48	NA	NA	NA	NA	NA
Other	Simple_repeat	(TGTATTATC)N	39	39	39	39	NA	NA	NA	NA	NA
Other	Simple_repeat	(TGTCT)N	30	30	30	30	NA	NA	NA	NA	NA
Other	Simple_repeat	(TGTGA)N	62	62	62	62	NA	NA	NA	NA	NA
Other	Simple_repeat	(TGTGAT)N	57	57	57	57	NA	NA	NA	NA	NA
Other	Simple_repeat	(TGTGTT)N	44	44	44	44	NA	NA	NA	NA	NA
Other	Simple_repeat	(TGTT)N	55	55	55	55	NA	NA	NA	NA	NA
Other	Simple_repeat	(TGTTA)N	34	34	34	34	NA	NA	NA	NA	NA
Other	Simple_repeat	(TGTTCTT)N	130	130	130	130	NA	NA	NA	NA	NA
Other	Simple_repeat	(TGTTG)N	33	33	33	33	NA	NA	NA	NA	NA
Other	Simple_repeat	(TGTTGT)N	36	36	36	36	NA	NA	NA	NA	NA
Other	Simple_repeat	(TGTTT)N	18	18	18	18	NA	NA	NA	NA	NA
Other	Simple_repeat	(TGTTTAT)N	49	49	49	49	NA	NA	NA	NA	NA
Other	Simple_repeat	(TTA)N	790	35.91	15	77	15.34	NA	NA	NA	NA
Other	Simple_repeat	(TTAACAC)N	37	37	37	37	NA	NA	NA	NA	NA
Other	Simple_repeat	(TTAACTT)N	41	41	41	41	NA	NA	NA	NA	NA
Other	Simple_repeat	(TTAAG)N	49	49	49	49	NA	NA	NA	NA	NA
Other	Simple_repeat	(TTAATA)N	32	32	32	32	NA	NA	NA	NA	NA
Other	Simple_repeat	(TTAATT)N	78	78	78	78	NA	NA	NA	NA	NA
Other	Simple_repeat	(TTAC)N	53	53	53	53	NA	NA	NA	NA	NA
Other	Simple_repeat	(TTACA)N	76	76	76	76	NA	NA	NA	NA	NA
Other	Simple_repeat	(TTACT)N	69	69	69	69	NA	NA	NA	NA	NA
Other	Simple_repeat	(TTACTT)N	48	48	48	48	NA	NA	NA	NA	NA
Other	Simple_repeat	(TTAGAG)N	76	38	35	41	4.24	NA	NA	NA	NA
Other	Simple_repeat	(TTAGCTA)N	108	108	108	108	NA	NA	NA	NA	NA
Other	Simple_repeat	(TTAGGG)N	39	39	39	39	NA	NA	NA	NA	NA
Other	Simple_repeat	(TTAGTA)N	74	74	74	74	NA	NA	NA	NA	NA
Other	Simple_repeat	(TTAGTT)N	49	49	49	49	NA	NA	NA	NA	NA
Other	Simple_repeat	(TTAT)N	661	38.88	21	59	11.1	NA	NA	NA	NA
Other	Simple_repeat	(TTATA)N	581	116.2	29	204	79.4	NA	NA	NA	NA
Other	Simple_repeat	(TTATAA)N	99	49.5	41	58	12.02	NA	NA	NA	NA
Other	Simple_repeat	(TTATAC)N	67	67	67	67	NA	NA	NA	NA	NA
Other	Simple_repeat	(TTATAT)N	67	33.5	33	34	0.71	NA	NA	NA	NA
Other	Simple_repeat	(TTATATG)N	40	40	40	40	NA	NA	NA	NA	NA
Other	Simple_repeat	(TTATC)N	84	84	84	84	NA	NA	NA	NA	NA
Other	Simple_repeat	(TTATGCA)N	44	44	44	44	NA	NA	NA	NA	NA
Other	Simple_repeat	(TTATGT)N	67	33.5	32	35	2.12	NA	NA	NA	NA
Other	Simple_repeat	(TTATT)N	28	28	28	28	NA	NA	NA	NA	NA
Other	Simple_repeat	(TTATTAT)N	42	42	42	42	NA	NA	NA	NA	NA
Other	Simple_repeat	(TTATTC)N	31	31	31	31	NA	NA	NA	NA	NA
Other	Simple_repeat	(TTATTGA)N	41	41	41	41	NA	NA	NA	NA	NA
Other	Simple_repeat	(TTATTGC)N	160	80	80	80	0	NA	NA	NA	NA
Other	Simple_repeat	(TTATTT)N	37	37	37	37	NA	NA	NA	NA	NA
Other	Simple_repeat	(TTATTTA)N	186	93	61	125	45.25	NA	NA	NA	NA
Other	Simple_repeat	(TTATTTT)N	47	47	47	47	NA	NA	NA	NA	NA
Other	Simple_repeat	(TTC)N	343	49	17	129	39.12	NA	NA	NA	NA
Other	Simple_repeat	(TTCA)N	845	65	22	160	38.94	NA	NA	NA	NA
Other	Simple_repeat	(TTCAA)N	34	34	34	34	NA	NA	NA	NA	NA
Other	Simple_repeat	(TTCAAGAA)N	40	40	40	40	NA	NA	NA	NA	NA
Other	Simple_repeat	(TTCACT)N	100	100	100	100	NA	NA	NA	NA	NA
Other	Simple_repeat	(TTCAG)N	34	34	34	34	NA	NA	NA	NA	NA
Other	Simple_repeat	(TTCAT)N	70	35	34	36	1.41	NA	NA	NA	NA
Other	Simple_repeat	(TTCATA)N	52	52	52	52	NA	NA	NA	NA	NA
Other	Simple_repeat	(TTCATCT)N	59	59	59	59	NA	NA	NA	NA	NA
Other	Simple_repeat	(TTCATG)N	31	31	31	31	NA	NA	NA	NA	NA
Other	Simple_repeat	(TTCATGATAA)N	59	59	59	59	NA	NA	NA	NA	NA
Other	Simple_repeat	(TTCATGC)N	66	66	66	66	NA	NA	NA	NA	NA
Other	Simple_repeat	(TTCATT)N	69	34.5	34	35	0.71	NA	NA	NA	NA
Other	Simple_repeat	(TTCC)N	36	36	36	36	NA	NA	NA	NA	NA
Other	Simple_repeat	(TTCCATC)N	114	114	114	114	NA	NA	NA	NA	NA
Other	Simple_repeat	(TTCCC)N	33	33	33	33	NA	NA	NA	NA	NA
Other	Simple_repeat	(TTCCCTGACA)N	48	48	48	48	NA	NA	NA	NA	NA
Other	Simple_repeat	(TTCCGTA)N	39	39	39	39	NA	NA	NA	NA	NA
Other	Simple_repeat	(TTCCTT)N	36	36	36	36	NA	NA	NA	NA	NA
Other	Simple_repeat	(TTCGA)N	27	27	27	27	NA	NA	NA	NA	NA
Other	Simple_repeat	(TTCGC)N	27	27	27	27	NA	NA	NA	NA	NA
Other	Simple_repeat	(TTCT)N	372	93	24	188	71.82	NA	NA	NA	NA
Other	Simple_repeat	(TTCTA)N	78	78	78	78	NA	NA	NA	NA	NA
Other	Simple_repeat	(TTCTCA)N	44	44	44	44	NA	NA	NA	NA	NA
Other	Simple_repeat	(TTCTCC)N	51	51	51	51	NA	NA	NA	NA	NA
Other	Simple_repeat	(TTCTCT)N	30	30	30	30	NA	NA	NA	NA	NA
Other	Simple_repeat	(TTCTT)N	140	46.67	42	53	5.69	NA	NA	NA	NA
Other	Simple_repeat	(TTCTTCT)N	53	53	53	53	NA	NA	NA	NA	NA
Other	Simple_repeat	(TTCTTT)N	222	55.5	37	63	12.48	NA	NA	NA	NA
Other	Simple_repeat	(TTG)N	936	42.55	19	165	29.79	NA	NA	NA	NA
Other	Simple_repeat	(TTGA)N	407	67.83	58	76	7	NA	NA	NA	NA
Other	Simple_repeat	(TTGAA)N	172	57.33	29	88	29.57	NA	NA	NA	NA
Other	Simple_repeat	(TTGAAT)N	32	32	32	32	NA	NA	NA	NA	NA
Other	Simple_repeat	(TTGACTT)N	40	40	40	40	NA	NA	NA	NA	NA
Other	Simple_repeat	(TTGAG)N	41	41	41	41	NA	NA	NA	NA	NA
Other	Simple_repeat	(TTGAT)N	89	29.67	27	32	2.52	NA	NA	NA	NA
Other	Simple_repeat	(TTGATAT)N	45	45	45	45	NA	NA	NA	NA	NA
Other	Simple_repeat	(TTGATCA)N	89	89	89	89	NA	NA	NA	NA	NA
Other	Simple_repeat	(TTGATTA)N	38	38	38	38	NA	NA	NA	NA	NA
Other	Simple_repeat	(TTGATTAAT)N	36	36	36	36	NA	NA	NA	NA	NA
Other	Simple_repeat	(TTGCA)N	29	29	29	29	NA	NA	NA	NA	NA
Other	Simple_repeat	(TTGCG)N	35	35	35	35	NA	NA	NA	NA	NA
Other	Simple_repeat	(TTGG)N	89	44.5	27	62	24.75	NA	NA	NA	NA
Other	Simple_repeat	(TTGGTT)N	34	34	34	34	NA	NA	NA	NA	NA
Other	Simple_repeat	(TTGT)N	253	63.25	40	114	34.83	NA	NA	NA	NA
Other	Simple_repeat	(TTGTA)N	123	41	30	48	9.64	NA	NA	NA	NA
Other	Simple_repeat	(TTGTAA)N	42	42	42	42	NA	NA	NA	NA	NA
Other	Simple_repeat	(TTGTAAT)N	36	36	36	36	NA	NA	NA	NA	NA
Other	Simple_repeat	(TTGTAT)N	69	69	69	69	NA	NA	NA	NA	NA
Other	Simple_repeat	(TTGTC)N	27	27	27	27	NA	NA	NA	NA	NA
Other	Simple_repeat	(TTGTG)N	29	29	29	29	NA	NA	NA	NA	NA
Other	Simple_repeat	(TTGTT)N	54	27	27	27	0	NA	NA	NA	NA
Other	Simple_repeat	(TTGTTCA)N	52	52	52	52	NA	NA	NA	NA	NA
Other	Simple_repeat	(TTT)N	52	52	52	52	NA	NA	NA	NA	NA
Other	Simple_repeat	(TTTA)N	816	51	22	121	27.64	NA	NA	NA	NA
Other	Simple_repeat	(TTTAA)N	167	55.67	33	100	38.4	NA	NA	NA	NA
Other	Simple_repeat	(TTTAAT)N	33	33	33	33	NA	NA	NA	NA	NA
Other	Simple_repeat	(TTTAATT)N	39	39	39	39	NA	NA	NA	NA	NA
Other	Simple_repeat	(TTTAG)N	27	27	27	27	NA	NA	NA	NA	NA
Other	Simple_repeat	(TTTAGC)N	32	32	32	32	NA	NA	NA	NA	NA
Other	Simple_repeat	(TTTAT)N	86	43	35	51	11.31	NA	NA	NA	NA
Other	Simple_repeat	(TTTATAG)N	58	58	58	58	NA	NA	NA	NA	NA
Other	Simple_repeat	(TTTATAT)N	123	61.5	41	82	28.99	NA	NA	NA	NA
Other	Simple_repeat	(TTTATGACAT)N	51	51	51	51	NA	NA	NA	NA	NA
Other	Simple_repeat	(TTTATTG)N	46	46	46	46	NA	NA	NA	NA	NA
Other	Simple_repeat	(TTTC)N	394	78.8	30	251	96.45	NA	NA	NA	NA
Other	Simple_repeat	(TTTCA)N	344	43	30	61	9.29	NA	NA	NA	NA
Other	Simple_repeat	(TTTCAC)N	45	45	45	45	NA	NA	NA	NA	NA
Other	Simple_repeat	(TTTCAG)N	43	43	43	43	NA	NA	NA	NA	NA
Other	Simple_repeat	(TTTCAGA)N	63	63	63	63	NA	NA	NA	NA	NA
Other	Simple_repeat	(TTTCAT)N	36	36	36	36	NA	NA	NA	NA	NA
Other	Simple_repeat	(TTTCC)N	37	37	37	37	NA	NA	NA	NA	NA
Other	Simple_repeat	(TTTCCA)N	39	39	39	39	NA	NA	NA	NA	NA
Other	Simple_repeat	(TTTCT)N	204	51	36	63	11.22	NA	NA	NA	NA
Other	Simple_repeat	(TTTCTAT)N	81	81	81	81	NA	NA	NA	NA	NA
Other	Simple_repeat	(TTTCTC)N	112	56	34	78	31.11	NA	NA	NA	NA
Other	Simple_repeat	(TTTCTT)N	34	34	34	34	NA	NA	NA	NA	NA
Other	Simple_repeat	(TTTCTTA)N	40	40	40	40	NA	NA	NA	NA	NA
Other	Simple_repeat	(TTTG)N	88	44	39	49	7.07	NA	NA	NA	NA
Other	Simple_repeat	(TTTGA)N	69	34.5	34	35	0.71	NA	NA	NA	NA
Other	Simple_repeat	(TTTGAA)N	43	43	43	43	NA	NA	NA	NA	NA
Other	Simple_repeat	(TTTGAAGCAA)N	47	47	47	47	NA	NA	NA	NA	NA
Other	Simple_repeat	(TTTGAC)N	65	65	65	65	NA	NA	NA	NA	NA
Other	Simple_repeat	(TTTGC)N	60	30	27	33	4.24	NA	NA	NA	NA
Other	Simple_repeat	(TTTGCGA)N	43	43	43	43	NA	NA	NA	NA	NA
Other	Simple_repeat	(TTTGG)N	46	46	46	46	NA	NA	NA	NA	NA
Other	Simple_repeat	(TTTGGA)N	38	38	38	38	NA	NA	NA	NA	NA
Other	Simple_repeat	(TTTGT)N	51	51	51	51	NA	NA	NA	NA	NA
Other	Simple_repeat	(TTTGTA)N	50	50	50	50	NA	NA	NA	NA	NA
Other	Simple_repeat	(TTTGTG)N	49	49	49	49	NA	NA	NA	NA	NA
Other	Simple_repeat	(TTTGTT)N	35	35	35	35	NA	NA	NA	NA	NA
Other	Simple_repeat	(TTTTA)N	213	53.25	30	88	27.29	NA	NA	NA	NA
Other	Simple_repeat	(TTTTAAT)N	43	43	43	43	NA	NA	NA	NA	NA
Other	Simple_repeat	(TTTTAG)N	38	38	38	38	NA	NA	NA	NA	NA
Other	Simple_repeat	(TTTTAT)N	111	55.5	37	74	26.16	NA	NA	NA	NA
Other	Simple_repeat	(TTTTATC)N	39	39	39	39	NA	NA	NA	NA	NA
Other	Simple_repeat	(TTTTC)N	63	31.5	27	36	6.36	NA	NA	NA	NA
Other	Simple_repeat	(TTTTCA)N	32	32	32	32	NA	NA	NA	NA	NA
Other	Simple_repeat	(TTTTCAA)N	34	34	34	34	NA	NA	NA	NA	NA
Other	Simple_repeat	(TTTTCC)N	247	123.5	67	180	79.9	NA	NA	NA	NA
Other	Simple_repeat	(TTTTCCAGG)N	223	55.75	38	84	22.22	NA	NA	NA	NA
Other	Simple_repeat	(TTTTCT)N	218	72.67	50	102	26.63	NA	NA	NA	NA
Other	Simple_repeat	(TTTTCTA)N	50	50	50	50	NA	NA	NA	NA	NA
Other	Simple_repeat	(TTTTCTC)N	82	82	82	82	NA	NA	NA	NA	NA
Other	Simple_repeat	(TTTTCTG)N	47	47	47	47	NA	NA	NA	NA	NA
Other	Simple_repeat	(TTTTG)N	60	30	30	30	0	NA	NA	NA	NA
Other	Simple_repeat	(TTTTGG)N	77	77	77	77	NA	NA	NA	NA	NA
Other	Simple_repeat	(TTTTGT)N	40	40	40	40	NA	NA	NA	NA	NA
Other	Simple_repeat	(TTTTGTACCA)N	62	62	62	62	NA	NA	NA	NA	NA
Other	Simple_repeat	(TTTTTA)N	36	36	36	36	NA	NA	NA	NA	NA
Other	Simple_repeat	(TTTTTTG)N	11	11	11	11	NA	NA	NA	NA	NA
PLE	Hydra	RND-1_FAMILY-66	3083	237.15	40	805	206.9	NA	NA	NA	NA
PLE	Penelope	RND-1_FAMILY-131	4521	347.77	63	1854	500.33	NA	NA	NA	NA
PLE	Penelope	RND-1_FAMILY-15	19957	433.85	41	1583	398.66	NA	NA	NA	NA
PLE	Penelope	RND-1_FAMILY-235	13011	325.28	21	1369	306.32	NA	NA	NA	NA
PLE	Penelope	RND-1_FAMILY-247	6350	1058.33	80	3130	1166.81	NA	NA	NA	NA
PLE	Penelope	RND-1_FAMILY-28	54604	271.66	27	1290	193.16	NA	NA	NA	NA
PLE	Penelope	RND-1_FAMILY-297	2465	189.62	18	752	183.12	NA	NA	NA	NA
PLE	Penelope	RND-1_FAMILY-354	5458	606.44	20	1736	641.06	NA	NA	NA	NA
PLE	Penelope	RND-1_FAMILY-36	9990	344.48	39	977	317.85	NA	NA	NA	NA
PLE	Penelope	RND-1_FAMILY-406	8507	327.19	54	1228	270.81	NA	NA	NA	NA
PLE	Penelope	RND-1_FAMILY-465	3600	225	44	864	264.31	NA	NA	NA	NA
PLE	Penelope	RND-1_FAMILY-510	17742	454.92	48	1903	525.17	NA	NA	NA	NA
PLE	Penelope	RND-1_FAMILY-52	11008	423.38	66	2796	676.21	NA	NA	NA	NA
PLE	Penelope	RND-1_FAMILY-576	2455	306.88	80	1080	329.23	NA	NA	NA	NA
PLE	Penelope	RND-1_FAMILY-8	20701	232.6	28	1337	242.2	NA	NA	NA	NA
PLE	Penelope	RND-1_FAMILY-82	81617	494.65	27	1981	437.97	NA	NA	NA	NA
PLE	Penelope	RND-3_FAMILY-16	12689	396.53	32	1517	418.87	NA	NA	NA	NA
SINE	5S	RND-1_FAMILY-50	27588	212.22	34	252	55.54	NA	NA	NA	NA
SINE	ID	RND-1_FAMILY-155	13533	237.42	39	358	80.04	NA	NA	NA	NA
Unknown	Unknown	RND-1_FAMILY-0	4277	158.41	31	351	98.21	NA	NA	NA	NA
Unknown	Unknown	RND-1_FAMILY-10	76768	239.15	33	566	112.14	NA	NA	NA	NA
Unknown	Unknown	RND-1_FAMILY-100	29913	257.87	43	591	102.89	NA	NA	NA	NA
Unknown	Unknown	RND-1_FAMILY-101	17878	135.44	22	369	40.67	NA	NA	NA	NA
Unknown	Unknown	RND-1_FAMILY-102	15739	212.69	40	1553	173.48	NA	NA	NA	NA
Unknown	Unknown	RND-1_FAMILY-104	4073	113.14	18	163	41.69	NA	NA	NA	NA
Unknown	Unknown	RND-1_FAMILY-105	13113	624.43	54	1908	463.43	NA	NA	NA	NA
Unknown	Unknown	RND-1_FAMILY-106	15774	171.46	29	454	85.96	NA	NA	NA	NA
Unknown	Unknown	RND-1_FAMILY-107	8027	445.94	41	1310	466.66	NA	NA	NA	NA
Unknown	Unknown	RND-1_FAMILY-108	19240	223.72	29	468	130.93	NA	NA	NA	NA
Unknown	Unknown	RND-1_FAMILY-11	64496	317.71	37	612	183.58	NA	NA	NA	NA
Unknown	Unknown	RND-1_FAMILY-110	5190	167.42	55	219	43.77	NA	NA	NA	NA
Unknown	Unknown	RND-1_FAMILY-111	89324	2977.47	22	22659	5733.18	NA	NA	NA	NA
Unknown	Unknown	RND-1_FAMILY-112	15812	243.26	45	438	76.69	NA	NA	NA	NA
Unknown	Unknown	RND-1_FAMILY-113	9784	296.48	49	1701	352.07	NA	NA	NA	NA
Unknown	Unknown	RND-1_FAMILY-114	15469	161.14	30	444	63.84	NA	NA	NA	NA
Unknown	Unknown	RND-1_FAMILY-115	11774	1962.33	48	4413	1995.65	NA	NA	NA	NA
Unknown	Unknown	RND-1_FAMILY-117	13269	245.72	36	599	138.82	NA	NA	NA	NA
Unknown	Unknown	RND-1_FAMILY-118	7724	208.76	30	1044	186.9	NA	NA	NA	NA
Unknown	Unknown	RND-1_FAMILY-119	15087	160.5	30	285	71.79	NA	NA	NA	NA
Unknown	Unknown	RND-1_FAMILY-12	58229	264.68	29	685	98.23	NA	NA	NA	NA
Unknown	Unknown	RND-1_FAMILY-120	4354	167.46	18	606	146.72	NA	NA	NA	NA
Unknown	Unknown	RND-1_FAMILY-121	15062	215.17	43	457	104.6	NA	NA	NA	NA
Unknown	Unknown	RND-1_FAMILY-124	19324	339.02	54	662	179.9	NA	NA	NA	NA
Unknown	Unknown	RND-1_FAMILY-125	25309	477.53	25	1190	366.04	NA	NA	NA	NA
Unknown	Unknown	RND-1_FAMILY-127	14305	242.46	33	426	144.78	NA	NA	NA	NA
Unknown	Unknown	RND-1_FAMILY-128	13288	182.03	32	269	53.89	NA	NA	NA	NA
Unknown	Unknown	RND-1_FAMILY-129	7375	204.86	16	540	164.17	NA	NA	NA	NA
Unknown	Unknown	RND-1_FAMILY-13	36650	300.41	31	1131	178.01	NA	NA	NA	NA
Unknown	Unknown	RND-1_FAMILY-130	5042	1260.5	140	2171	955.58	NA	NA	NA	NA
Unknown	Unknown	RND-1_FAMILY-132	6895	208.94	68	428	119.11	NA	NA	NA	NA
Unknown	Unknown	RND-1_FAMILY-133	11556	180.56	37	408	85.6	NA	NA	NA	NA
Unknown	Unknown	RND-1_FAMILY-134	17685	360.92	39	1066	356.49	NA	NA	NA	NA
Unknown	Unknown	RND-1_FAMILY-135	23717	316.23	42	660	114.81	NA	NA	NA	NA
Unknown	Unknown	RND-1_FAMILY-136	6367	227.39	34	738	196.19	NA	NA	NA	NA
Unknown	Unknown	RND-1_FAMILY-137	8624	453.89	50	1137	466.76	NA	NA	NA	NA
Unknown	Unknown	RND-1_FAMILY-139	12635	177.96	41	335	78.45	NA	NA	NA	NA
Unknown	Unknown	RND-1_FAMILY-14	19285	459.17	12	2218	600.26	NA	NA	NA	NA
Unknown	Unknown	RND-1_FAMILY-141	24872	414.53	84	652	150.44	NA	NA	NA	NA
Unknown	Unknown	RND-1_FAMILY-142	1799	899.5	297	1502	852.06	NA	NA	NA	NA
Unknown	Unknown	RND-1_FAMILY-145	1936	96.8	41	250	65.08	NA	NA	NA	NA
Unknown	Unknown	RND-1_FAMILY-146	15498	369	33	967	172.17	NA	NA	NA	NA
Unknown	Unknown	RND-1_FAMILY-147	11677	224.56	14	615	175.48	NA	NA	NA	NA
Unknown	Unknown	RND-1_FAMILY-148	9383	347.52	33	460	146.1	NA	NA	NA	NA
Unknown	Unknown	RND-1_FAMILY-149	18304	481.68	26	1053	418.36	NA	NA	NA	NA
Unknown	Unknown	RND-1_FAMILY-150	9219	263.4	32	435	118.63	NA	NA	NA	NA
Unknown	Unknown	RND-1_FAMILY-151	4431	340.85	37	1344	446.54	NA	NA	NA	NA
Unknown	Unknown	RND-1_FAMILY-152	7606	292.54	23	1125	329.35	NA	NA	NA	NA
Unknown	Unknown	RND-1_FAMILY-153	8575	115.88	17	429	82.04	NA	NA	NA	NA
Unknown	Unknown	RND-1_FAMILY-154	145	48.33	36	56	10.79	NA	NA	NA	NA
Unknown	Unknown	RND-1_FAMILY-156	7318	182.95	31	447	142.54	NA	NA	NA	NA
Unknown	Unknown	RND-1_FAMILY-158	14032	241.93	104	293	57.24	NA	NA	NA	NA
Unknown	Unknown	RND-1_FAMILY-159	4950	707.14	36	1093	456.48	NA	NA	NA	NA
Unknown	Unknown	RND-1_FAMILY-16	10863	175.21	35	382	102.35	NA	NA	NA	NA
Unknown	Unknown	RND-1_FAMILY-161	15382	290.23	30	565	158.93	NA	NA	NA	NA
Unknown	Unknown	RND-1_FAMILY-162	11431	228.62	21	405	114.11	NA	NA	NA	NA
Unknown	Unknown	RND-1_FAMILY-163	24809	620.22	51	2679	845.93	NA	NA	NA	NA
Unknown	Unknown	RND-1_FAMILY-164	7795	125.73	27	207	55.51	NA	NA	NA	NA
Unknown	Unknown	RND-1_FAMILY-165	14391	319.8	31	629	223.5	NA	NA	NA	NA
Unknown	Unknown	RND-1_FAMILY-167	3826	318.83	45	1249	342.52	NA	NA	NA	NA
Unknown	Unknown	RND-1_FAMILY-168	12312	241.41	39	530	117.01	NA	NA	NA	NA
Unknown	Unknown	RND-1_FAMILY-169	15555	361.74	29	1130	311.53	NA	NA	NA	NA
Unknown	Unknown	RND-1_FAMILY-17	42337	344.2	24	881	122.78	NA	NA	NA	NA
Unknown	Unknown	RND-1_FAMILY-171	7448	240.26	35	386	131.74	NA	NA	NA	NA
Unknown	Unknown	RND-1_FAMILY-172	13455	354.08	19	797	286.85	NA	NA	NA	NA
Unknown	Unknown	RND-1_FAMILY-173	14279	209.99	43	513	104.42	NA	NA	NA	NA
Unknown	Unknown	RND-1_FAMILY-174	15572	677.04	34	2937	977.01	NA	NA	NA	NA
Unknown	Unknown	RND-1_FAMILY-175	25427	438.4	12	1869	587.38	NA	NA	NA	NA
Unknown	Unknown	RND-1_FAMILY-176	10747	191.91	31	421	67.37	NA	NA	NA	NA
Unknown	Unknown	RND-1_FAMILY-177	18989	283.42	35	544	156.36	NA	NA	NA	NA
Unknown	Unknown	RND-1_FAMILY-178	15036	254.85	40	468	114.7	NA	NA	NA	NA
Unknown	Unknown	RND-1_FAMILY-180	8685	241.25	13	1159	298.18	NA	NA	NA	NA
Unknown	Unknown	RND-1_FAMILY-181	5456	209.85	38	395	112.81	NA	NA	NA	NA
Unknown	Unknown	RND-1_FAMILY-182	9565	162.12	21	771	163.9	NA	NA	NA	NA
Unknown	Unknown	RND-1_FAMILY-184	3147	157.35	25	417	121.65	NA	NA	NA	NA
Unknown	Unknown	RND-1_FAMILY-185	6220	622	45	3109	938.92	NA	NA	NA	NA
Unknown	Unknown	RND-1_FAMILY-186	9160	186.94	52	232	53.13	NA	NA	NA	NA
Unknown	Unknown	RND-1_FAMILY-187	3575	143	38	389	109.33	NA	NA	NA	NA
Unknown	Unknown	RND-1_FAMILY-190	9163	169.69	47	335	82.28	NA	NA	NA	NA
Unknown	Unknown	RND-1_FAMILY-191	3935	491.88	54	1353	448.86	NA	NA	NA	NA
Unknown	Unknown	RND-1_FAMILY-193	2778	198.43	52	597	132.57	NA	NA	NA	NA
Unknown	Unknown	RND-1_FAMILY-194	8955	344.42	42	691	205.91	NA	NA	NA	NA
Unknown	Unknown	RND-1_FAMILY-195	5077	203.08	65	467	137.44	NA	NA	NA	NA
Unknown	Unknown	RND-1_FAMILY-196	10330	202.55	42	444	120.9	NA	NA	NA	NA
Unknown	Unknown	RND-1_FAMILY-2	25730	149.59	17	499	94.11	NA	NA	NA	NA
Unknown	Unknown	RND-1_FAMILY-20	31973	359.25	24	3102	510.43	NA	NA	NA	NA
Unknown	Unknown	RND-1_FAMILY-200	35162	191.1	11	624	127.42	NA	NA	NA	NA
Unknown	Unknown	RND-1_FAMILY-201	17418	483.83	32	996	309.23	NA	NA	NA	NA
Unknown	Unknown	RND-1_FAMILY-202	602	54.73	33	76	15.45	NA	NA	NA	NA
Unknown	Unknown	RND-1_FAMILY-203	9165	352.5	20	1090	297.02	NA	NA	NA	NA
Unknown	Unknown	RND-1_FAMILY-205	6583	387.24	78	766	260.54	NA	NA	NA	NA
Unknown	Unknown	RND-1_FAMILY-206	15211	217.3	36	302	75.59	NA	NA	NA	NA
Unknown	Unknown	RND-1_FAMILY-208	3991	128.74	23	370	115.94	NA	NA	NA	NA
Unknown	Unknown	RND-1_FAMILY-209	11531	274.55	44	475	162.46	NA	NA	NA	NA
Unknown	Unknown	RND-1_FAMILY-21	22255	147.38	34	429	53.77	NA	NA	NA	NA
Unknown	Unknown	RND-1_FAMILY-210	3901	195.05	43	479	136.29	NA	NA	NA	NA
Unknown	Unknown	RND-1_FAMILY-211	13485	280.94	34	477	161.78	NA	NA	NA	NA
Unknown	Unknown	RND-1_FAMILY-214	12035	235.98	15	1173	255.51	NA	NA	NA	NA
Unknown	Unknown	RND-1_FAMILY-215	9106	314	56	594	166.97	NA	NA	NA	NA
Unknown	Unknown	RND-1_FAMILY-216	6554	192.76	22	1147	213.87	NA	NA	NA	NA
Unknown	Unknown	RND-1_FAMILY-217	4844	124.21	37	251	41.24	NA	NA	NA	NA
Unknown	Unknown	RND-1_FAMILY-218	19396	692.71	20	3197	912.16	NA	NA	NA	NA
Unknown	Unknown	RND-1_FAMILY-219	6035	158.82	19	526	137.83	NA	NA	NA	NA
Unknown	Unknown	RND-1_FAMILY-22	8955	255.86	30	1142	348.54	NA	NA	NA	NA
Unknown	Unknown	RND-1_FAMILY-220	7753	276.89	45	480	156.29	NA	NA	NA	NA
Unknown	Unknown	RND-1_FAMILY-221	2656	177.07	34	281	88.95	NA	NA	NA	NA
Unknown	Unknown	RND-1_FAMILY-222	5397	245.32	34	521	185.94	NA	NA	NA	NA
Unknown	Unknown	RND-1_FAMILY-223	5690	142.25	30	251	84.02	NA	NA	NA	NA
Unknown	Unknown	RND-1_FAMILY-224	12674	384.06	38	1314	259.78	NA	NA	NA	NA
Unknown	Unknown	RND-1_FAMILY-225	20257	1012.85	15	4321	1481.96	NA	NA	NA	NA
Unknown	Unknown	RND-1_FAMILY-226	7659	186.8	28	598	168.37	NA	NA	NA	NA
Unknown	Unknown	RND-1_FAMILY-228	3400	178.95	45	471	130.97	NA	NA	NA	NA
Unknown	Unknown	RND-1_FAMILY-229	5912	236.48	43	647	194.03	NA	NA	NA	NA
Unknown	Unknown	RND-1_FAMILY-23	30569	212.28	14	1021	129.22	NA	NA	NA	NA
Unknown	Unknown	RND-1_FAMILY-230	3600	211.76	26	703	219.5	NA	NA	NA	NA
Unknown	Unknown	RND-1_FAMILY-232	3994	173.65	38	951	229.46	NA	NA	NA	NA
Unknown	Unknown	RND-1_FAMILY-234	6944	198.4	42	1277	248.87	NA	NA	NA	NA
Unknown	Unknown	RND-1_FAMILY-237	3171	317.1	37	789	277.14	NA	NA	NA	NA
Unknown	Unknown	RND-1_FAMILY-238	11729	254.98	11	557	173.42	NA	NA	NA	NA
Unknown	Unknown	RND-1_FAMILY-239	3277	234.07	52	476	150.21	NA	NA	NA	NA
Unknown	Unknown	RND-1_FAMILY-240	11736	286.24	42	464	131.15	NA	NA	NA	NA
Unknown	Unknown	RND-1_FAMILY-241	19682	385.92	12	721	241.92	NA	NA	NA	NA
Unknown	Unknown	RND-1_FAMILY-242	7823	260.77	47	882	187.09	NA	NA	NA	NA
Unknown	Unknown	RND-1_FAMILY-243	4940	137.22	16	263	72.06	NA	NA	NA	NA
Unknown	Unknown	RND-1_FAMILY-244	9981	160.98	36	251	43.87	NA	NA	NA	NA
Unknown	Unknown	RND-1_FAMILY-245	8032	146.04	57	394	60.64	NA	NA	NA	NA
Unknown	Unknown	RND-1_FAMILY-246	4626	289.12	64	593	236.96	NA	NA	NA	NA
Unknown	Unknown	RND-1_FAMILY-248	10121	389.27	38	762	239.15	NA	NA	NA	NA
Unknown	Unknown	RND-1_FAMILY-249	8307	276.9	13	954	201.8	NA	NA	NA	NA
Unknown	Unknown	RND-1_FAMILY-250	11131	318.03	21	433	130	NA	NA	NA	NA
Unknown	Unknown	RND-1_FAMILY-251	5232	141.41	11	315	83.02	NA	NA	NA	NA
Unknown	Unknown	RND-1_FAMILY-254	1671	61.89	37	106	16.27	NA	NA	NA	NA
Unknown	Unknown	RND-1_FAMILY-255	5393	317.24	62	687	170.73	NA	NA	NA	NA
Unknown	Unknown	RND-1_FAMILY-256	6164	256.83	42	1365	259.97	NA	NA	NA	NA
Unknown	Unknown	RND-1_FAMILY-258	15080	350.7	27	1373	363.68	NA	NA	NA	NA
Unknown	Unknown	RND-1_FAMILY-26	27762	225.71	44	325	64.34	NA	NA	NA	NA
Unknown	Unknown	RND-1_FAMILY-261	396	66	50	75	9.1	NA	NA	NA	NA
Unknown	Unknown	RND-1_FAMILY-262	7418	211.94	50	486	84.85	NA	NA	NA	NA
Unknown	Unknown	RND-1_FAMILY-263	6570	187.71	41	341	102.61	NA	NA	NA	NA
Unknown	Unknown	RND-1_FAMILY-266	1703	243.29	54	317	101.63	NA	NA	NA	NA
Unknown	Unknown	RND-1_FAMILY-268	7170	155.87	12	465	114.51	NA	NA	NA	NA
Unknown	Unknown	RND-1_FAMILY-27	24041	135.06	33	325	53.9	NA	NA	NA	NA
Unknown	Unknown	RND-1_FAMILY-270	15617	446.2	28	1818	511.91	NA	NA	NA	NA
Unknown	Unknown	RND-1_FAMILY-275	14069	521.07	64	1301	423.6	NA	NA	NA	NA
Unknown	Unknown	RND-1_FAMILY-276	23914	314.66	18	2669	629.67	NA	NA	NA	NA
Unknown	Unknown	RND-1_FAMILY-277	7564	360.19	74	592	192.91	NA	NA	NA	NA
Unknown	Unknown	RND-1_FAMILY-279	4179	219.95	38	439	109.92	NA	NA	NA	NA
Unknown	Unknown	RND-1_FAMILY-282	8978	280.56	91	459	107.77	NA	NA	NA	NA
Unknown	Unknown	RND-1_FAMILY-283	5408	318.12	41	988	363.7	NA	NA	NA	NA
Unknown	Unknown	RND-1_FAMILY-284	8353	225.76	49	805	174.55	NA	NA	NA	NA
Unknown	Unknown	RND-1_FAMILY-285	5446	194.5	16	415	139.54	NA	NA	NA	NA
Unknown	Unknown	RND-1_FAMILY-286	9987	293.74	25	448	136.98	NA	NA	NA	NA
Unknown	Unknown	RND-1_FAMILY-288	12986	432.87	54	1443	386.81	NA	NA	NA	NA
Unknown	Unknown	RND-1_FAMILY-292	7183	378.05	49	2693	741.1	NA	NA	NA	NA
Unknown	Unknown	RND-1_FAMILY-293	19749	658.3	18	1849	678.43	NA	NA	NA	NA
Unknown	Unknown	RND-1_FAMILY-294	14418	514.93	53	1577	558.88	NA	NA	NA	NA
Unknown	Unknown	RND-1_FAMILY-295	9079	313.07	70	1564	437.12	NA	NA	NA	NA
Unknown	Unknown	RND-1_FAMILY-296	14516	250.28	45	749	197.17	NA	NA	NA	NA
Unknown	Unknown	RND-1_FAMILY-298	14260	264.07	35	514	136.74	NA	NA	NA	NA
Unknown	Unknown	RND-1_FAMILY-299	5712	228.48	20	668	180.02	NA	NA	NA	NA
Unknown	Unknown	RND-1_FAMILY-3	118658	229.96	17	1662	162.71	NA	NA	NA	NA
Unknown	Unknown	RND-1_FAMILY-30	12683	845.53	47	1420	540.79	NA	NA	NA	NA
Unknown	Unknown	RND-1_FAMILY-301	6307	170.46	22	566	109.36	NA	NA	NA	NA
Unknown	Unknown	RND-1_FAMILY-302	4511	173.5	36	655	142.46	NA	NA	NA	NA
Unknown	Unknown	RND-1_FAMILY-304	6741	192.6	32	565	159.97	NA	NA	NA	NA
Unknown	Unknown	RND-1_FAMILY-306	7861	413.74	27	1130	285.05	NA	NA	NA	NA
Unknown	Unknown	RND-1_FAMILY-31	44961	230.57	17	541	139.63	NA	NA	NA	NA
Unknown	Unknown	RND-1_FAMILY-310	2049	136.6	31	185	56.68	NA	NA	NA	NA
Unknown	Unknown	RND-1_FAMILY-311	16887	562.9	24	4262	857.44	NA	NA	NA	NA
Unknown	Unknown	RND-1_FAMILY-312	4350	228.95	12	561	168.63	NA	NA	NA	NA
Unknown	Unknown	RND-1_FAMILY-314	8675	321.3	31	488	162.16	NA	NA	NA	NA
Unknown	Unknown	RND-1_FAMILY-32	22054	816.81	38	10527	1989.26	NA	NA	NA	NA
Unknown	Unknown	RND-1_FAMILY-320	3344	477.71	114	619	185.75	NA	NA	NA	NA
Unknown	Unknown	RND-1_FAMILY-321	2955	134.32	37	183	32.82	NA	NA	NA	NA
Unknown	Unknown	RND-1_FAMILY-322	6741	114.25	44	168	39.13	NA	NA	NA	NA
Unknown	Unknown	RND-1_FAMILY-323	3034	433.43	252	600	142.38	NA	NA	NA	NA
Unknown	Unknown	RND-1_FAMILY-324	8054	402.7	46	549	192.15	NA	NA	NA	NA
Unknown	Unknown	RND-1_FAMILY-325	4281	267.56	21	478	148.19	NA	NA	NA	NA
Unknown	Unknown	RND-1_FAMILY-327	2093	149.5	36	228	64.71	NA	NA	NA	NA
Unknown	Unknown	RND-1_FAMILY-329	13589	411.79	76	1421	369.13	NA	NA	NA	NA
Unknown	Unknown	RND-1_FAMILY-33	5173	117.57	15	406	90.81	NA	NA	NA	NA
Unknown	Unknown	RND-1_FAMILY-330	9400	391.67	39	828	310.96	NA	NA	NA	NA
Unknown	Unknown	RND-1_FAMILY-331	6240	283.64	34	519	164.23	NA	NA	NA	NA
Unknown	Unknown	RND-1_FAMILY-332	7644	212.33	71	443	118.85	NA	NA	NA	NA
Unknown	Unknown	RND-1_FAMILY-333	3472	138.88	29	237	61.21	NA	NA	NA	NA
Unknown	Unknown	RND-1_FAMILY-335	1422	129.27	32	295	88.68	NA	NA	NA	NA
Unknown	Unknown	RND-1_FAMILY-337	14921	481.32	11	1598	481.43	NA	NA	NA	NA
Unknown	Unknown	RND-1_FAMILY-338	3728	372.8	118	475	125.96	NA	NA	NA	NA
Unknown	Unknown	RND-1_FAMILY-339	4719	363	24	566	205.83	NA	NA	NA	NA
Unknown	Unknown	RND-1_FAMILY-34	5653	282.65	14	1486	450.32	NA	NA	NA	NA
Unknown	Unknown	RND-1_FAMILY-340	16955	385.34	39	1645	472.54	NA	NA	NA	NA
Unknown	Unknown	RND-1_FAMILY-342	4283	142.77	62	389	86.41	NA	NA	NA	NA
Unknown	Unknown	RND-1_FAMILY-343	3978	120.55	33	284	86.8	NA	NA	NA	NA
Unknown	Unknown	RND-1_FAMILY-344	3466	192.56	28	468	146.21	NA	NA	NA	NA
Unknown	Unknown	RND-1_FAMILY-348	11334	419.78	36	1755	466.62	NA	NA	NA	NA
Unknown	Unknown	RND-1_FAMILY-349	12847	494.12	42	963	243.53	NA	NA	NA	NA
Unknown	Unknown	RND-1_FAMILY-35	29277	206.18	17	391	98.52	NA	NA	NA	NA
Unknown	Unknown	RND-1_FAMILY-350	2521	360.14	92	518	167.78	NA	NA	NA	NA
Unknown	Unknown	RND-1_FAMILY-352	5305	189.46	45	247	63.32	NA	NA	NA	NA
Unknown	Unknown	RND-1_FAMILY-355	4314	179.75	24	524	119.14	NA	NA	NA	NA
Unknown	Unknown	RND-1_FAMILY-357	3459	182.05	35	271	69.07	NA	NA	NA	NA
Unknown	Unknown	RND-1_FAMILY-358	5492	238.78	43	725	194.87	NA	NA	NA	NA
Unknown	Unknown	RND-1_FAMILY-360	15560	457.65	30	1828	527.27	NA	NA	NA	NA
Unknown	Unknown	RND-1_FAMILY-361	43402	851.02	54	3078	1014.91	NA	NA	NA	NA
Unknown	Unknown	RND-1_FAMILY-362	1509	60.36	51	123	13.14	NA	NA	NA	NA
Unknown	Unknown	RND-1_FAMILY-364	3375	135	56	172	44.49	NA	NA	NA	NA
Unknown	Unknown	RND-1_FAMILY-365	6374	254.96	53	453	91.89	NA	NA	NA	NA
Unknown	Unknown	RND-1_FAMILY-367	1107	184.5	26	472	182.16	NA	NA	NA	NA
Unknown	Unknown	RND-1_FAMILY-368	7124	245.66	33	573	211.42	NA	NA	NA	NA
Unknown	Unknown	RND-1_FAMILY-369	6256	169.08	38	588	135.66	NA	NA	NA	NA
Unknown	Unknown	RND-1_FAMILY-37	24413	428.3	13	966	212.64	NA	NA	NA	NA
Unknown	Unknown	RND-1_FAMILY-370	605	121	55	172	56.56	NA	NA	NA	NA
Unknown	Unknown	RND-1_FAMILY-372	3187	118.04	53	189	40.67	NA	NA	NA	NA
Unknown	Unknown	RND-1_FAMILY-373	5025	239.29	21	475	158.79	NA	NA	NA	NA
Unknown	Unknown	RND-1_FAMILY-374	4475	235.53	59	592	193.6	NA	NA	NA	NA
Unknown	Unknown	RND-1_FAMILY-375	3877	161.54	128	190	14.53	NA	NA	NA	NA
Unknown	Unknown	RND-1_FAMILY-376	23358	262.45	17	595	136.3	NA	NA	NA	NA
Unknown	Unknown	RND-1_FAMILY-377	4418	259.88	78	429	119.07	NA	NA	NA	NA
Unknown	Unknown	RND-1_FAMILY-378	5020	173.1	19	758	195.27	NA	NA	NA	NA
Unknown	Unknown	RND-1_FAMILY-379	4077	145.61	20	373	91.26	NA	NA	NA	NA
Unknown	Unknown	RND-1_FAMILY-380	1657	138.08	38	423	98.23	NA	NA	NA	NA
Unknown	Unknown	RND-1_FAMILY-381	11931	568.14	45	2660	856.87	NA	NA	NA	NA
Unknown	Unknown	RND-1_FAMILY-382	3092	193.25	53	405	96.73	NA	NA	NA	NA
Unknown	Unknown	RND-1_FAMILY-383	7113	273.58	68	472	145.7	NA	NA	NA	NA
Unknown	Unknown	RND-1_FAMILY-384	6220	327.37	42	498	140.28	NA	NA	NA	NA
Unknown	Unknown	RND-1_FAMILY-385	1166	145.75	43	523	166.17	NA	NA	NA	NA
Unknown	Unknown	RND-1_FAMILY-386	3200	100	48	117	17.18	NA	NA	NA	NA
Unknown	Unknown	RND-1_FAMILY-387	3966	198.3	17	486	137.62	NA	NA	NA	NA
Unknown	Unknown	RND-1_FAMILY-389	12098	172.83	38	659	142.42	NA	NA	NA	NA
Unknown	Unknown	RND-1_FAMILY-39	9558	162	38	211	44.22	NA	NA	NA	NA
Unknown	Unknown	RND-1_FAMILY-391	16634	426.51	53	1259	380	NA	NA	NA	NA
Unknown	Unknown	RND-1_FAMILY-393	5914	257.13	42	628	220.83	NA	NA	NA	NA
Unknown	Unknown	RND-1_FAMILY-394	1542	110.14	64	264	58.01	NA	NA	NA	NA
Unknown	Unknown	RND-1_FAMILY-396	6531	593.73	21	1627	674.2	NA	NA	NA	NA
Unknown	Unknown	RND-1_FAMILY-399	3567	187.74	78	458	142.28	NA	NA	NA	NA
Unknown	Unknown	RND-1_FAMILY-4	101921	234.84	15	727	135.98	NA	NA	NA	NA
Unknown	Unknown	RND-1_FAMILY-40	7468	165.96	46	367	65.7	NA	NA	NA	NA
Unknown	Unknown	RND-1_FAMILY-400	6364	192.85	37	435	106.49	NA	NA	NA	NA
Unknown	Unknown	RND-1_FAMILY-403	9665	284.26	43	463	144.43	NA	NA	NA	NA
Unknown	Unknown	RND-1_FAMILY-404	4388	190.78	51	385	106.91	NA	NA	NA	NA
Unknown	Unknown	RND-1_FAMILY-405	16680	794.29	318	861	132.62	NA	NA	NA	NA
Unknown	Unknown	RND-1_FAMILY-407	5526	290.84	35	1129	375.08	NA	NA	NA	NA
Unknown	Unknown	RND-1_FAMILY-408	8958	426.57	44	1124	350.57	NA	NA	NA	NA
Unknown	Unknown	RND-1_FAMILY-409	3296	235.43	48	487	152.93	NA	NA	NA	NA
Unknown	Unknown	RND-1_FAMILY-41	24340	253.54	49	361	95.87	NA	NA	NA	NA
Unknown	Unknown	RND-1_FAMILY-411	3701	308.42	53	1216	367.24	NA	NA	NA	NA
Unknown	Unknown	RND-1_FAMILY-413	2944	210.29	30	430	118.23	NA	NA	NA	NA
Unknown	Unknown	RND-1_FAMILY-414	3524	125.86	34	196	54.35	NA	NA	NA	NA
Unknown	Unknown	RND-1_FAMILY-415	2847	203.36	16	276	86.3	NA	NA	NA	NA
Unknown	Unknown	RND-1_FAMILY-416	14626	340.14	21	1402	384.15	NA	NA	NA	NA
Unknown	Unknown	RND-1_FAMILY-417	566	566	566	566	NA	NA	NA	NA	NA
Unknown	Unknown	RND-1_FAMILY-418	7053	306.65	45	562	159.45	NA	NA	NA	NA
Unknown	Unknown	RND-1_FAMILY-419	2501	156.31	44	464	123.47	NA	NA	NA	NA
Unknown	Unknown	RND-1_FAMILY-42	30488	227.52	15	498	137.03	NA	NA	NA	NA
Unknown	Unknown	RND-1_FAMILY-420	600	85.71	58	115	19.96	NA	NA	NA	NA
Unknown	Unknown	RND-1_FAMILY-421	9008	237.05	31	1259	248.21	NA	NA	NA	NA
Unknown	Unknown	RND-1_FAMILY-423	10688	890.67	138	2076	658.11	NA	NA	NA	NA
Unknown	Unknown	RND-1_FAMILY-425	4074	214.42	55	252	58.3	NA	NA	NA	NA
Unknown	Unknown	RND-1_FAMILY-426	1147	1147	1147	1147	NA	NA	NA	NA	NA
Unknown	Unknown	RND-1_FAMILY-428	6517	210.23	34	696	173.29	NA	NA	NA	NA
Unknown	Unknown	RND-1_FAMILY-429	4022	287.29	44	471	116.3	NA	NA	NA	NA
Unknown	Unknown	RND-1_FAMILY-43	8012	348.35	61	1072	317.22	NA	NA	NA	NA
Unknown	Unknown	RND-1_FAMILY-432	5153	271.21	36	640	215.09	NA	NA	NA	NA
Unknown	Unknown	RND-1_FAMILY-433	604	201.33	156	274	63.57	NA	NA	NA	NA
Unknown	Unknown	RND-1_FAMILY-435	1712	342.4	235	459	93.84	NA	NA	NA	NA
Unknown	Unknown	RND-1_FAMILY-436	1438	179.75	39	291	85.22	NA	NA	NA	NA
Unknown	Unknown	RND-1_FAMILY-437	4887	148.09	12	450	111.94	NA	NA	NA	NA
Unknown	Unknown	RND-1_FAMILY-439	9985	262.76	11	1179	347.24	NA	NA	NA	NA
Unknown	Unknown	RND-1_FAMILY-44	33493	248.1	38	333	91.72	NA	NA	NA	NA
Unknown	Unknown	RND-1_FAMILY-440	7626	272.36	41	457	148.4	NA	NA	NA	NA
Unknown	Unknown	RND-1_FAMILY-443	6788	165.56	19	405	121.25	NA	NA	NA	NA
Unknown	Unknown	RND-1_FAMILY-444	6309	274.3	86	528	171.87	NA	NA	NA	NA
Unknown	Unknown	RND-1_FAMILY-445	7451	201.38	15	1461	347.5	NA	NA	NA	NA
Unknown	Unknown	RND-1_FAMILY-446	3302	103.19	58	134	25.83	NA	NA	NA	NA
Unknown	Unknown	RND-1_FAMILY-447	6162	280.09	34	868	291.08	NA	NA	NA	NA
Unknown	Unknown	RND-1_FAMILY-448	7895	657.92	14	2512	741.95	NA	NA	NA	NA
Unknown	Unknown	RND-1_FAMILY-449	6944	434	46	839	265.8	NA	NA	NA	NA
Unknown	Unknown	RND-1_FAMILY-45	22030	349.68	13	1240	305.95	NA	NA	NA	NA
Unknown	Unknown	RND-1_FAMILY-450	14815	673.41	26	2087	725.79	NA	NA	NA	NA
Unknown	Unknown	RND-1_FAMILY-451	11145	464.38	36	2699	863.35	NA	NA	NA	NA
Unknown	Unknown	RND-1_FAMILY-452	3180	187.06	66	231	62.38	NA	NA	NA	NA
Unknown	Unknown	RND-1_FAMILY-455	2768	138.4	49	236	55.8	NA	NA	NA	NA
Unknown	Unknown	RND-1_FAMILY-456	1759	175.9	77	362	86.82	NA	NA	NA	NA
Unknown	Unknown	RND-1_FAMILY-457	5711	271.95	58	1077	260.52	NA	NA	NA	NA
Unknown	Unknown	RND-1_FAMILY-459	7686	384.3	45	1397	376.7	NA	NA	NA	NA
Unknown	Unknown	RND-1_FAMILY-460	2042	226.89	69	443	146.01	NA	NA	NA	NA
Unknown	Unknown	RND-1_FAMILY-461	13469	673.45	77	1180	459.35	NA	NA	NA	NA
Unknown	Unknown	RND-1_FAMILY-462	2397	199.75	19	798	222.91	NA	NA	NA	NA
Unknown	Unknown	RND-1_FAMILY-463	2257	141.06	42	304	72.13	NA	NA	NA	NA
Unknown	Unknown	RND-1_FAMILY-464	8435	421.75	58	1473	431.85	NA	NA	NA	NA
Unknown	Unknown	RND-1_FAMILY-466	5067	253.35	31	321	79.98	NA	NA	NA	NA
Unknown	Unknown	RND-1_FAMILY-467	5072	422.67	30	626	187.89	NA	NA	NA	NA
Unknown	Unknown	RND-1_FAMILY-468	4885	325.67	40	529	176.94	NA	NA	NA	NA
Unknown	Unknown	RND-1_FAMILY-470	4425	158.04	37	298	89.77	NA	NA	NA	NA
Unknown	Unknown	RND-1_FAMILY-471	5032	139.78	8	476	119.11	NA	NA	NA	NA
Unknown	Unknown	RND-1_FAMILY-472	6154	410.27	67	805	276.22	NA	NA	NA	NA
Unknown	Unknown	RND-1_FAMILY-473	6268	329.89	39	1715	437.48	NA	NA	NA	NA
Unknown	Unknown	RND-1_FAMILY-474	1549	103.27	26	173	44.35	NA	NA	NA	NA
Unknown	Unknown	RND-1_FAMILY-475	7871	212.73	47	482	134.81	NA	NA	NA	NA
Unknown	Unknown	RND-1_FAMILY-476	5781	222.35	39	847	176.68	NA	NA	NA	NA
Unknown	Unknown	RND-1_FAMILY-477	5129	301.71	130	405	69.17	NA	NA	NA	NA
Unknown	Unknown	RND-1_FAMILY-478	5737	173.85	36	311	73.5	NA	NA	NA	NA
Unknown	Unknown	RND-1_FAMILY-479	2607	100.27	65	246	54.14	NA	NA	NA	NA
Unknown	Unknown	RND-1_FAMILY-48	11982	234.94	24	719	169.89	NA	NA	NA	NA
Unknown	Unknown	RND-1_FAMILY-481	12113	295.44	44	409	113.51	NA	NA	NA	NA
Unknown	Unknown	RND-1_FAMILY-482	23508	653	17	6018	1279.89	NA	NA	NA	NA
Unknown	Unknown	RND-1_FAMILY-483	11708	450.31	63	1544	459.2	NA	NA	NA	NA
Unknown	Unknown	RND-1_FAMILY-485	5752	250.09	15	827	185.95	NA	NA	NA	NA
Unknown	Unknown	RND-1_FAMILY-487	4315	215.75	33	363	114.71	NA	NA	NA	NA
Unknown	Unknown	RND-1_FAMILY-488	13142	147.66	32	292	55.9	NA	NA	NA	NA
Unknown	Unknown	RND-1_FAMILY-489	4063	126.97	49	209	48.5	NA	NA	NA	NA
Unknown	Unknown	RND-1_FAMILY-49	21529	247.46	14	1576	302.61	NA	NA	NA	NA
Unknown	Unknown	RND-1_FAMILY-490	5489	304.94	68	598	210.73	NA	NA	NA	NA
Unknown	Unknown	RND-1_FAMILY-491	2553	319.12	155	376	70.88	NA	NA	NA	NA
Unknown	Unknown	RND-1_FAMILY-492	3990	181.36	34	358	117.49	NA	NA	NA	NA
Unknown	Unknown	RND-1_FAMILY-494	8782	365.92	22	1456	405.3	NA	NA	NA	NA
Unknown	Unknown	RND-1_FAMILY-496	19369	744.96	39	2061	809.76	NA	NA	NA	NA
Unknown	Unknown	RND-1_FAMILY-497	75	75	75	75	NA	NA	NA	NA	NA
Unknown	Unknown	RND-1_FAMILY-498	2295	153	49	312	90.63	NA	NA	NA	NA
Unknown	Unknown	RND-1_FAMILY-499	12111	403.7	13	2818	829.81	NA	NA	NA	NA
Unknown	Unknown	RND-1_FAMILY-500	10420	496.19	31	1501	497.39	NA	NA	NA	NA
Unknown	Unknown	RND-1_FAMILY-501	1124	187.33	71	484	162.98	NA	NA	NA	NA
Unknown	Unknown	RND-1_FAMILY-502	3318	237	97	398	115.91	NA	NA	NA	NA
Unknown	Unknown	RND-1_FAMILY-503	18177	284.02	24	798	228.72	NA	NA	NA	NA
Unknown	Unknown	RND-1_FAMILY-504	1197	74.81	32	94	15.75	NA	NA	NA	NA
Unknown	Unknown	RND-1_FAMILY-505	2740	456.67	209	784	221.29	NA	NA	NA	NA
Unknown	Unknown	RND-1_FAMILY-507	6497	406.06	62	1211	460.74	NA	NA	NA	NA
Unknown	Unknown	RND-1_FAMILY-508	3839	182.81	39	423	119.26	NA	NA	NA	NA
Unknown	Unknown	RND-1_FAMILY-51	11530	174.7	44	248	61.21	NA	NA	NA	NA
Unknown	Unknown	RND-1_FAMILY-511	6962	278.48	50	447	140.36	NA	NA	NA	NA
Unknown	Unknown	RND-1_FAMILY-513	3603	225.19	76	330	48.63	NA	NA	NA	NA
Unknown	Unknown	RND-1_FAMILY-514	11465	212.31	28	266	79.65	NA	NA	NA	NA
Unknown	Unknown	RND-1_FAMILY-516	4516	188.17	28	515	151.62	NA	NA	NA	NA
Unknown	Unknown	RND-1_FAMILY-517	11812	274.7	25	711	239.06	NA	NA	NA	NA
Unknown	Unknown	RND-1_FAMILY-519	1343	167.88	38	378	122.93	NA	NA	NA	NA
Unknown	Unknown	RND-1_FAMILY-520	12139	527.78	11	2222	726.79	NA	NA	NA	NA
Unknown	Unknown	RND-1_FAMILY-521	5959	313.63	30	674	250.79	NA	NA	NA	NA
Unknown	Unknown	RND-1_FAMILY-522	5032	359.43	13	1926	549.64	NA	NA	NA	NA
Unknown	Unknown	RND-1_FAMILY-524	1071	178.5	126	278	53.5	NA	NA	NA	NA
Unknown	Unknown	RND-1_FAMILY-525	5515	167.12	41	1088	259.23	NA	NA	NA	NA
Unknown	Unknown	RND-1_FAMILY-526	2809	175.56	64	276	70.58	NA	NA	NA	NA
Unknown	Unknown	RND-1_FAMILY-527	3018	177.53	67	231	57.07	NA	NA	NA	NA
Unknown	Unknown	RND-1_FAMILY-529	17133	658.96	40	2965	1090.04	NA	NA	NA	NA
Unknown	Unknown	RND-1_FAMILY-53	24416	262.54	15	395	119.3	NA	NA	NA	NA
Unknown	Unknown	RND-1_FAMILY-530	3043	138.32	65	167	23.33	NA	NA	NA	NA
Unknown	Unknown	RND-1_FAMILY-532	15727	291.24	21	3100	474.46	NA	NA	NA	NA
Unknown	Unknown	RND-1_FAMILY-533	4573	653.29	23	1001	391.43	NA	NA	NA	NA
Unknown	Unknown	RND-1_FAMILY-534	2612	186.57	88	269	72.6	NA	NA	NA	NA
Unknown	Unknown	RND-1_FAMILY-536	5386	185.72	42	956	188.46	NA	NA	NA	NA
Unknown	Unknown	RND-1_FAMILY-537	2402	300.25	104	535	171.96	NA	NA	NA	NA
Unknown	Unknown	RND-1_FAMILY-54	20362	221.33	43	372	108.33	NA	NA	NA	NA
Unknown	Unknown	RND-1_FAMILY-540	3693	147.72	58	401	65.28	NA	NA	NA	NA
Unknown	Unknown	RND-1_FAMILY-543	4692	142.18	13	932	199.41	NA	NA	NA	NA
Unknown	Unknown	RND-1_FAMILY-544	6763	307.41	48	1143	343.95	NA	NA	NA	NA
Unknown	Unknown	RND-1_FAMILY-545	645	215	117	293	89.69	NA	NA	NA	NA
Unknown	Unknown	RND-1_FAMILY-547	5848	158.05	25	1355	238.36	NA	NA	NA	NA
Unknown	Unknown	RND-1_FAMILY-548	10067	324.74	39	1205	351.89	NA	NA	NA	NA
Unknown	Unknown	RND-1_FAMILY-549	1760	176	86	275	65.7	NA	NA	NA	NA
Unknown	Unknown	RND-1_FAMILY-553	6110	509.17	167	720	197.42	NA	NA	NA	NA
Unknown	Unknown	RND-1_FAMILY-555	3470	347	36	1205	446.96	NA	NA	NA	NA
Unknown	Unknown	RND-1_FAMILY-556	14724	283.15	29	441	132.85	NA	NA	NA	NA
Unknown	Unknown	RND-1_FAMILY-557	4434	192.78	60	384	108.71	NA	NA	NA	NA
Unknown	Unknown	RND-1_FAMILY-558	1886	157.17	43	216	58.04	NA	NA	NA	NA
Unknown	Unknown	RND-1_FAMILY-559	1571	392.75	237	540	134.37	NA	NA	NA	NA
Unknown	Unknown	RND-1_FAMILY-56	772	257.33	109	333	128.47	NA	NA	NA	NA
Unknown	Unknown	RND-1_FAMILY-560	5705	167.79	40	396	109.9	NA	NA	NA	NA
Unknown	Unknown	RND-1_FAMILY-561	17955	1381.15	69	3434	1457.18	NA	NA	NA	NA
Unknown	Unknown	RND-1_FAMILY-562	4516	301.07	79	452	140.15	NA	NA	NA	NA
Unknown	Unknown	RND-1_FAMILY-565	2857	168.06	37	896	201.28	NA	NA	NA	NA
Unknown	Unknown	RND-1_FAMILY-566	66	66	66	66	NA	NA	NA	NA	NA
Unknown	Unknown	RND-1_FAMILY-567	4710	314	69	523	182.52	NA	NA	NA	NA
Unknown	Unknown	RND-1_FAMILY-568	1475	134.09	34	306	90.46	NA	NA	NA	NA
Unknown	Unknown	RND-1_FAMILY-57	29088	242.4	38	408	114.13	NA	NA	NA	NA
Unknown	Unknown	RND-1_FAMILY-570	17865	576.29	51	1780	442.67	NA	NA	NA	NA
Unknown	Unknown	RND-1_FAMILY-572	4148	138.27	40	424	111.28	NA	NA	NA	NA
Unknown	Unknown	RND-1_FAMILY-574	6516	181	31	574	129.56	NA	NA	NA	NA
Unknown	Unknown	RND-1_FAMILY-575	16188	599.56	48	1621	602.3	NA	NA	NA	NA
Unknown	Unknown	RND-1_FAMILY-578	6105	244.2	40	681	193.52	NA	NA	NA	NA
Unknown	Unknown	RND-1_FAMILY-579	8105	623.46	50	1217	444.33	NA	NA	NA	NA
Unknown	Unknown	RND-1_FAMILY-58	26948	236.39	40	472	108.54	NA	NA	NA	NA
Unknown	Unknown	RND-1_FAMILY-581	7453	191.1	24	502	149.25	NA	NA	NA	NA
Unknown	Unknown	RND-1_FAMILY-582	2692	122.36	34	293	57.99	NA	NA	NA	NA
Unknown	Unknown	RND-1_FAMILY-584	4604	230.2	31	423	124.63	NA	NA	NA	NA
Unknown	Unknown	RND-1_FAMILY-585	5273	376.64	57	745	247.45	NA	NA	NA	NA
Unknown	Unknown	RND-1_FAMILY-587	6958	188.05	22	1055	203.47	NA	NA	NA	NA
Unknown	Unknown	RND-1_FAMILY-588	24463	719.5	41	4766	1134.67	NA	NA	NA	NA
Unknown	Unknown	RND-1_FAMILY-589	1399	174.88	54	257	83.44	NA	NA	NA	NA
Unknown	Unknown	RND-1_FAMILY-592	3836	548	85	1242	532.46	NA	NA	NA	NA
Unknown	Unknown	RND-1_FAMILY-593	3100	281.82	35	421	142.8	NA	NA	NA	NA
Unknown	Unknown	RND-1_FAMILY-594	4300	268.75	12	1279	349.51	NA	NA	NA	NA
Unknown	Unknown	RND-1_FAMILY-6	78979	167.68	33	451	45.47	NA	NA	NA	NA
Unknown	Unknown	RND-1_FAMILY-60	35239	279.67	32	625	177.55	NA	NA	NA	NA
Unknown	Unknown	RND-1_FAMILY-61	32388	276.82	51	559	136.7	NA	NA	NA	NA
Unknown	Unknown	RND-1_FAMILY-64	20132	191.73	67	383	47.96	NA	NA	NA	NA
Unknown	Unknown	RND-1_FAMILY-65	24703	205.86	21	671	138	NA	NA	NA	NA
Unknown	Unknown	RND-1_FAMILY-67	26262	445.12	12	1096	402.65	NA	NA	NA	NA
Unknown	Unknown	RND-1_FAMILY-68	8414	161.81	35	443	89.57	NA	NA	NA	NA
Unknown	Unknown	RND-1_FAMILY-7	43330	123.8	33	336	79.15	NA	NA	NA	NA
Unknown	Unknown	RND-1_FAMILY-71	20624	242.64	14	385	114.56	NA	NA	NA	NA
Unknown	Unknown	RND-1_FAMILY-73	18079	488.62	13	2302	644.12	NA	NA	NA	NA
Unknown	Unknown	RND-1_FAMILY-75	20564	277.89	12	810	152.63	NA	NA	NA	NA
Unknown	Unknown	RND-1_FAMILY-76	13289	246.09	11	1148	319.3	NA	NA	NA	NA
Unknown	Unknown	RND-1_FAMILY-77	6010	214.64	14	1085	316.68	NA	NA	NA	NA
Unknown	Unknown	RND-1_FAMILY-79	6899	222.55	31	518	121.5	NA	NA	NA	NA
Unknown	Unknown	RND-1_FAMILY-80	9022	1288.86	250	2741	1203	NA	NA	NA	NA
Unknown	Unknown	RND-1_FAMILY-83	4367	207.95	49	938	273.56	NA	NA	NA	NA
Unknown	Unknown	RND-1_FAMILY-84	23808	261.63	33	572	122.39	NA	NA	NA	NA
Unknown	Unknown	RND-1_FAMILY-85	13888	396.8	40	847	170.3	NA	NA	NA	NA
Unknown	Unknown	RND-1_FAMILY-86	11871	111.99	39	338	47.47	NA	NA	NA	NA
Unknown	Unknown	RND-1_FAMILY-87	8056	146.47	55	194	49.39	NA	NA	NA	NA
Unknown	Unknown	RND-1_FAMILY-88	554	92.33	35	193	59.87	NA	NA	NA	NA
Unknown	Unknown	RND-1_FAMILY-89	10228	173.36	16	389	102.87	NA	NA	NA	NA
Unknown	Unknown	RND-1_FAMILY-9	107566	210.09	13	644	117.11	NA	NA	NA	NA
Unknown	Unknown	RND-1_FAMILY-90	18510	276.27	14	1040	259.95	NA	NA	NA	NA
Unknown	Unknown	RND-1_FAMILY-91	16780	250.45	22	771	175.99	NA	NA	NA	NA
Unknown	Unknown	RND-1_FAMILY-94	10311	177.78	48	500	133.57	NA	NA	NA	NA
Unknown	Unknown	RND-1_FAMILY-95	14195	168.99	59	327	40.27	NA	NA	NA	NA
Unknown	Unknown	RND-1_FAMILY-97	11743	255.28	22	496	116.35	NA	NA	NA	NA
Unknown	Unknown	RND-1_FAMILY-99	8925	343.27	40	476	147.82	NA	NA	NA	NA
Unknown	Unknown	RND-2_FAMILY-104	1041	148.71	78	228	54.37	NA	NA	NA	NA
Unknown	Unknown	RND-2_FAMILY-11	16965	134.64	42	292	58.24	NA	NA	NA	NA
Unknown	Unknown	RND-2_FAMILY-112	7405	189.87	35	532	130.7	NA	NA	NA	NA
Unknown	Unknown	RND-2_FAMILY-115	9174	183.48	27	331	100.1	NA	NA	NA	NA
Unknown	Unknown	RND-2_FAMILY-124	8925	330.56	63	804	179.31	NA	NA	NA	NA
Unknown	Unknown	RND-2_FAMILY-127	6765	165	33	336	84.06	NA	NA	NA	NA
Unknown	Unknown	RND-2_FAMILY-1531	6031	287.19	36	570	147.77	NA	NA	NA	NA
Unknown	Unknown	RND-2_FAMILY-155	14264	206.72	34	969	176.65	NA	NA	NA	NA
Unknown	Unknown	RND-2_FAMILY-182	11207	207.54	17	572	162.97	NA	NA	NA	NA
Unknown	Unknown	RND-2_FAMILY-187	7646	218.46	45	466	134.24	NA	NA	NA	NA
Unknown	Unknown	RND-2_FAMILY-223	5682	189.4	39	433	116.53	NA	NA	NA	NA
Unknown	Unknown	RND-2_FAMILY-250	20483	246.78	45	666	133.44	NA	NA	NA	NA
Unknown	Unknown	RND-2_FAMILY-31	4692	260.67	58	458	138.17	NA	NA	NA	NA
Unknown	Unknown	RND-2_FAMILY-344	8451	179.81	42	323	84.44	NA	NA	NA	NA
Unknown	Unknown	RND-2_FAMILY-35	9001	230.79	39	665	189.4	NA	NA	NA	NA
Unknown	Unknown	RND-2_FAMILY-359	1213	110.27	25	378	109.85	NA	NA	NA	NA
Unknown	Unknown	RND-2_FAMILY-40	301	75.25	50	96	19.48	NA	NA	NA	NA
Unknown	Unknown	RND-2_FAMILY-413	4459	153.76	35	372	71.95	NA	NA	NA	NA
Unknown	Unknown	RND-2_FAMILY-465	12351	156.34	41	404	61.37	NA	NA	NA	NA
Unknown	Unknown	RND-2_FAMILY-571	5508	172.12	40	341	91.21	NA	NA	NA	NA
Unknown	Unknown	RND-2_FAMILY-659	11901	224.55	26	701	161.95	NA	NA	NA	NA
Unknown	Unknown	RND-2_FAMILY-66	565	113	83	141	22.57	NA	NA	NA	NA
Unknown	Unknown	RND-2_FAMILY-75	5948	174.94	47	671	148.61	NA	NA	NA	NA
Unknown	Unknown	RND-2_FAMILY-99	15608	156.08	13	295	64.17	NA	NA	NA	NA
Unknown	Unknown	RND-3_FAMILY-1139	6086	253.58	57	448	125.13	NA	NA	NA	NA
Unknown	Unknown	RND-3_FAMILY-128	7427	212.2	37	364	100	NA	NA	NA	NA
Unknown	Unknown	RND-3_FAMILY-289	6936	289	55	1188	272.46	NA	NA	NA	NA
Unknown	Unknown	RND-3_FAMILY-315	4049	168.71	46	253	68.02	NA	NA	NA	NA
Unknown	Unknown	RND-3_FAMILY-343	3450	156.82	42	321	79.56	NA	NA	NA	NA
Unknown	Unknown	RND-3_FAMILY-433	7307	214.91	36	345	89.23	NA	NA	NA	NA
Unknown	Unknown	RND-3_FAMILY-457	4696	247.16	43	381	105.66	NA	NA	NA	NA
Unknown	Unknown	RND-3_FAMILY-5	11626	447.15	34	1034	333.75	NA	NA	NA	NA
Unknown	Unknown	RND-3_FAMILY-621	9335	198.62	52	522	149.01	NA	NA	NA	NA
Unknown	Unknown	RND-3_FAMILY-817	4561	114.03	52	204	53.75	NA	NA	NA	NA
Unknown	Unknown	RND-3_FAMILY-853	6852	190.33	44	454	134.76	NA	NA	NA	NA
Unknown	Unknown	RND-3_FAMILY-949	6923	164.83	36	362	86.01	NA	NA	NA	NA
