subclass	superfamily	family	total_bp	mean_width	min_width	max_width	sd_width	mean_div	min_div	max_div	sd_div
DNA	Academ	RND-1_FAMILY-544	11453	636.28	184	1001	319.69	NA	NA	NA	NA
DNA	DNA	RND-1_FAMILY-421	8728	189.74	20	779	226.93	NA	NA	NA	NA
DNA	IS3EU	RND-1_FAMILY-399	13311	190.16	21	1853	314.53	NA	NA	NA	NA
DNA	Maverick	RND-1_FAMILY-461	64833	3087.29	51	12308	5213.55	NA	NA	NA	NA
DNA	Merlin	RND-1_FAMILY-662	19756	823.17	46	4652	1527.77	NA	NA	NA	NA
DNA	P	RND-1_FAMILY-404	11640	727.5	42	1651	707.41	NA	NA	NA	NA
DNA	PIF	RND-1_FAMILY-238	947	72.85	35	195	44.25	NA	NA	NA	NA
DNA	PIF	RND-1_FAMILY-272	6753	217.84	30	379	123.88	NA	NA	NA	NA
DNA	PIF	RND-1_FAMILY-493	19295	1929.5	214	4409	1930.3	NA	NA	NA	NA
DNA	PIF	RND-1_FAMILY-501	3673	204.06	171	338	35.9	NA	NA	NA	NA
DNA	PIF	RND-1_FAMILY-543	2691	128.14	46	518	98.1	NA	NA	NA	NA
DNA	PIF	RND-1_FAMILY-552	6737	449.13	45	910	266.2	NA	NA	NA	NA
DNA	PiggyBac	RND-1_FAMILY-533	3939	127.06	14	306	81.08	NA	NA	NA	NA
DNA	TcMar	RND-1_FAMILY-229	2213	276.62	16	445	186.29	NA	NA	NA	NA
DNA	TcMar	RND-1_FAMILY-243	15232	245.68	36	465	137.93	NA	NA	NA	NA
DNA	TcMar	RND-1_FAMILY-397	13269	414.66	29	2220	639.76	NA	NA	NA	NA
DNA	TcMar	RND-1_FAMILY-423	8683	457	76	1092	335.77	NA	NA	NA	NA
DNA	TcMar	RND-1_FAMILY-519	16428	746.73	54	1537	608.6	NA	NA	NA	NA
DNA	TcMar	RND-1_FAMILY-555	56002	470.61	11	2659	670.97	NA	NA	NA	NA
DNA	TcMar	RND-1_FAMILY-609	6884	573.67	49	1091	411.43	NA	NA	NA	NA
DNA	TcMar	RND-2_FAMILY-27	1432	95.47	24	143	34.59	NA	NA	NA	NA
DNA	hAT	RND-1_FAMILY-120	12014	250.29	24	571	138.36	NA	NA	NA	NA
DNA	hAT	RND-1_FAMILY-135	9548	138.38	39	292	52.55	NA	NA	NA	NA
DNA	hAT	RND-1_FAMILY-177	15076	327.74	86	745	179.68	NA	NA	NA	NA
DNA	hAT	RND-1_FAMILY-223	11250	255.68	31	360	106.92	NA	NA	NA	NA
DNA	hAT	RND-1_FAMILY-246	2293	95.54	35	205	38.98	NA	NA	NA	NA
DNA	hAT	RND-1_FAMILY-261	3470	231.33	57	346	104.37	NA	NA	NA	NA
DNA	hAT	RND-1_FAMILY-270	3717	185.85	47	332	101.24	NA	NA	NA	NA
DNA	hAT	RND-1_FAMILY-306	16867	468.53	40	1942	565.87	NA	NA	NA	NA
DNA	hAT	RND-1_FAMILY-309	10698	227.62	51	896	226.96	NA	NA	NA	NA
DNA	hAT	RND-1_FAMILY-344	1891	210.11	63	331	104.01	NA	NA	NA	NA
DNA	hAT	RND-1_FAMILY-359	6794	165.71	38	495	105.83	NA	NA	NA	NA
DNA	hAT	RND-1_FAMILY-376	12655	248.14	42	617	133.47	NA	NA	NA	NA
DNA	hAT	RND-1_FAMILY-411	18071	722.84	39	2691	888.54	NA	NA	NA	NA
DNA	hAT	RND-1_FAMILY-448	7490	356.67	66	463	144.61	NA	NA	NA	NA
DNA	hAT	RND-1_FAMILY-464	13775	626.14	61	2114	778.63	NA	NA	NA	NA
DNA	hAT	RND-1_FAMILY-565	5584	150.92	12	442	114.04	NA	NA	NA	NA
DNA	hAT	RND-1_FAMILY-589	76	76	76	76	NA	NA	NA	NA	NA
DNA	hAT	RND-1_FAMILY-602	3317	207.31	127	284	57.31	NA	NA	NA	NA
DNA	hAT	RND-1_FAMILY-644	7639	402.05	52	829	356.61	NA	NA	NA	NA
DNA	hAT	RND-1_FAMILY-650	20266	1125.89	87	2662	892.24	NA	NA	NA	NA
DNA	hAT	RND-1_FAMILY-656	12565	1047.08	80	3405	1382.54	NA	NA	NA	NA
DNA	hAT	RND-1_FAMILY-660	3527	251.93	57	368	98.6	NA	NA	NA	NA
DNA	hAT	RND-1_FAMILY-77	16688	327.22	25	680	196.71	NA	NA	NA	NA
DNA	hAT	RND-1_FAMILY-88	16306	206.41	12	3407	523.83	NA	NA	NA	NA
DNA	hAT	RND-2_FAMILY-610	6596	169.13	35	400	103.59	NA	NA	NA	NA
DNA	hAT	RND-3_FAMILY-1268	9063	348.58	81	502	134.97	NA	NA	NA	NA
DNA	hAT	RND-3_FAMILY-455	7532	203.57	34	339	94.34	NA	NA	NA	NA
DNA	hAT	RND-3_FAMILY-501	7592	151.84	38	275	79.01	NA	NA	NA	NA
DNA	hAT	RND-3_FAMILY-77	5202	192.67	45	365	108.33	NA	NA	NA	NA
LINE	CR1	RND-1_FAMILY-178	14351	243.24	24	1284	271.25	NA	NA	NA	NA
LINE	CR1	RND-1_FAMILY-202	15174	562	17	2551	676.41	NA	NA	NA	NA
LINE	CR1	RND-1_FAMILY-326	12755	354.31	4	2037	512.21	NA	NA	NA	NA
LINE	CR1	RND-1_FAMILY-45	32021	821.05	29	3135	913.5	NA	NA	NA	NA
LINE	CR1	RND-1_FAMILY-657	49297	492.97	25	3139	599.82	NA	NA	NA	NA
LINE	Dong	RND-1_FAMILY-302	38679	1172.09	59	3504	1130.22	NA	NA	NA	NA
LINE	Dong	RND-1_FAMILY-374	10581	529.05	97	877	291.12	NA	NA	NA	NA
LINE	Dong	RND-1_FAMILY-545	9041	531.82	58	963	319.3	NA	NA	NA	NA
LINE	Dong	RND-1_FAMILY-546	5820	291	36	629	196.62	NA	NA	NA	NA
LINE	L1	RND-1_FAMILY-22	31007	167.61	38	292	82.83	NA	NA	NA	NA
LINE	L2	RND-1_FAMILY-109	41711	490.72	37	3564	734.89	NA	NA	NA	NA
LINE	L2	RND-1_FAMILY-118	5037	719.57	282	888	221.39	NA	NA	NA	NA
LINE	L2	RND-1_FAMILY-125	9475	592.19	53	2075	564.43	NA	NA	NA	NA
LINE	L2	RND-1_FAMILY-148	24804	413.4	37	2939	529.89	NA	NA	NA	NA
LINE	L2	RND-1_FAMILY-172	13817	460.57	35	2896	665.26	NA	NA	NA	NA
LINE	L2	RND-1_FAMILY-180	27316	487.79	29	1530	439.83	NA	NA	NA	NA
LINE	L2	RND-1_FAMILY-189	1421	118.42	34	284	90.75	NA	NA	NA	NA
LINE	L2	RND-1_FAMILY-191	12548	482.62	32	3241	927.58	NA	NA	NA	NA
LINE	L2	RND-1_FAMILY-208	6372	455.14	24	1457	610.61	NA	NA	NA	NA
LINE	L2	RND-1_FAMILY-212	37621	671.8	45	2210	577.29	NA	NA	NA	NA
LINE	L2	RND-1_FAMILY-213	10787	234.5	42	635	141.4	NA	NA	NA	NA
LINE	L2	RND-1_FAMILY-218	9125	233.97	48	783	168.3	NA	NA	NA	NA
LINE	L2	RND-1_FAMILY-219	6208	886.86	79	4811	1739.99	NA	NA	NA	NA
LINE	L2	RND-1_FAMILY-224	21675	699.19	15	4434	863.36	NA	NA	NA	NA
LINE	L2	RND-1_FAMILY-227	11495	239.48	44	561	162.51	NA	NA	NA	NA
LINE	L2	RND-1_FAMILY-240	10850	387.5	13	2445	555.99	NA	NA	NA	NA
LINE	L2	RND-1_FAMILY-247	19743	493.58	75	1491	351.87	NA	NA	NA	NA
LINE	L2	RND-1_FAMILY-248	21197	407.63	48	3453	685.99	NA	NA	NA	NA
LINE	L2	RND-1_FAMILY-252	6760	450.67	112	905	251.34	NA	NA	NA	NA
LINE	L2	RND-1_FAMILY-255	29879	331.99	38	3015	535.72	NA	NA	NA	NA
LINE	L2	RND-1_FAMILY-256	12855	279.46	59	1363	250.01	NA	NA	NA	NA
LINE	L2	RND-1_FAMILY-274	11992	292.49	12	2585	539.17	NA	NA	NA	NA
LINE	L2	RND-1_FAMILY-276	12084	345.26	10	1685	402.05	NA	NA	NA	NA
LINE	L2	RND-1_FAMILY-28	43762	339.24	14	3774	624.74	NA	NA	NA	NA
LINE	L2	RND-1_FAMILY-286	17092	294.69	19	1331	293.2	NA	NA	NA	NA
LINE	L2	RND-1_FAMILY-29	37894	642.27	97	2342	593.86	NA	NA	NA	NA
LINE	L2	RND-1_FAMILY-297	25013	521.1	18	9087	1805.83	NA	NA	NA	NA
LINE	L2	RND-1_FAMILY-310	3896	299.69	72	734	228.65	NA	NA	NA	NA
LINE	L2	RND-1_FAMILY-320	6000	214.29	47	523	147.64	NA	NA	NA	NA
LINE	L2	RND-1_FAMILY-324	11774	420.5	53	1927	484.82	NA	NA	NA	NA
LINE	L2	RND-1_FAMILY-338	15658	434.94	34	3023	578.84	NA	NA	NA	NA
LINE	L2	RND-1_FAMILY-349	11296	941.33	111	3293	1018.94	NA	NA	NA	NA
LINE	L2	RND-1_FAMILY-354	11578	399.24	24	1071	342.78	NA	NA	NA	NA
LINE	L2	RND-1_FAMILY-360	19160	1064.44	17	9007	2346.46	NA	NA	NA	NA
LINE	L2	RND-1_FAMILY-363	3558	296.5	73	830	266.69	NA	NA	NA	NA
LINE	L2	RND-1_FAMILY-366	11991	249.81	46	802	226.08	NA	NA	NA	NA
LINE	L2	RND-1_FAMILY-379	14550	309.57	44	3299	647.48	NA	NA	NA	NA
LINE	L2	RND-1_FAMILY-385	10352	240.74	11	763	194.29	NA	NA	NA	NA
LINE	L2	RND-1_FAMILY-387	22969	236.79	9	3033	342.09	NA	NA	NA	NA
LINE	L2	RND-1_FAMILY-39	30505	762.62	39	4147	1125.72	NA	NA	NA	NA
LINE	L2	RND-1_FAMILY-391	11466	301.74	38	2249	356.72	NA	NA	NA	NA
LINE	L2	RND-1_FAMILY-41	15651	521.7	40	3092	603.5	NA	NA	NA	NA
LINE	L2	RND-1_FAMILY-415	10997	407.3	19	965	233.5	NA	NA	NA	NA
LINE	L2	RND-1_FAMILY-439	8833	384.04	49	1564	364.26	NA	NA	NA	NA
LINE	L2	RND-1_FAMILY-446	1535	255.83	116	400	144.77	NA	NA	NA	NA
LINE	L2	RND-1_FAMILY-452	62	62	62	62	NA	NA	NA	NA	NA
LINE	L2	RND-1_FAMILY-476	2168	154.86	37	304	81.65	NA	NA	NA	NA
LINE	L2	RND-1_FAMILY-484	10639	425.56	59	1680	426.26	NA	NA	NA	NA
LINE	L2	RND-1_FAMILY-490	5657	235.71	52	605	174.74	NA	NA	NA	NA
LINE	L2	RND-1_FAMILY-492	4671	203.09	53	452	131.33	NA	NA	NA	NA
LINE	L2	RND-1_FAMILY-502	26332	612.37	50	3027	757.57	NA	NA	NA	NA
LINE	L2	RND-1_FAMILY-522	9454	450.19	58	1730	465.98	NA	NA	NA	NA
LINE	L2	RND-1_FAMILY-536	8987	299.57	44	1290	315.69	NA	NA	NA	NA
LINE	L2	RND-1_FAMILY-538	25672	1426.22	75	5609	1849.1	NA	NA	NA	NA
LINE	L2	RND-1_FAMILY-540	4627	231.35	71	724	167.3	NA	NA	NA	NA
LINE	L2	RND-1_FAMILY-541	23122	563.95	33	2839	658.75	NA	NA	NA	NA
LINE	L2	RND-1_FAMILY-554	69079	352.44	12	17128	1742.49	NA	NA	NA	NA
LINE	L2	RND-1_FAMILY-559	13937	995.5	41	12290	3254.23	NA	NA	NA	NA
LINE	L2	RND-1_FAMILY-562	11363	874.08	76	2984	846.79	NA	NA	NA	NA
LINE	L2	RND-1_FAMILY-572	2813	234.42	61	485	129.6	NA	NA	NA	NA
LINE	L2	RND-1_FAMILY-573	41701	448.4	14	3148	566.38	NA	NA	NA	NA
LINE	L2	RND-1_FAMILY-576	6761	355.84	77	968	279.68	NA	NA	NA	NA
LINE	L2	RND-1_FAMILY-580	10808	415.69	28	1371	386.52	NA	NA	NA	NA
LINE	L2	RND-1_FAMILY-597	11355	540.71	64	1984	570.13	NA	NA	NA	NA
LINE	L2	RND-1_FAMILY-601	7426	337.55	73	1683	344.49	NA	NA	NA	NA
LINE	L2	RND-1_FAMILY-610	9817	467.48	50	1492	408.06	NA	NA	NA	NA
LINE	L2	RND-1_FAMILY-630	5060	316.25	77	631	186.04	NA	NA	NA	NA
LINE	L2	RND-1_FAMILY-648	16566	460.17	33	1464	418.83	NA	NA	NA	NA
LINE	L2	RND-1_FAMILY-658	5417	257.95	59	465	161.18	NA	NA	NA	NA
LINE	L2	RND-1_FAMILY-75	24107	330.23	18	1466	316.39	NA	NA	NA	NA
LINE	L2	RND-1_FAMILY-80	54114	546.61	17	3077	620.83	NA	NA	NA	NA
LINE	L2	RND-1_FAMILY-82	396	79.2	62	97	15.32	NA	NA	NA	NA
LINE	L2	RND-1_FAMILY-86	40918	475.79	15	2675	585.21	NA	NA	NA	NA
LINE	L2	RND-1_FAMILY-9	45446	658.64	20	3150	780.38	NA	NA	NA	NA
LINE	L2	RND-1_FAMILY-90	8916	101.32	15	524	97.7	NA	NA	NA	NA
LINE	L2	RND-1_FAMILY-97	13067	237.58	9	3619	630	NA	NA	NA	NA
LINE	L2	RND-2_FAMILY-56	14643	318.33	53	607	156.05	NA	NA	NA	NA
LINE	LINE	RND-1_FAMILY-121	14870	1239.17	59	4495	1513.18	NA	NA	NA	NA
LINE	LINE	RND-1_FAMILY-217	8524	1065.5	64	2830	1212.7	NA	NA	NA	NA
LINE	LINE	RND-1_FAMILY-325	7198	232.19	17	1178	295.65	NA	NA	NA	NA
LINE	R2	RND-1_FAMILY-179	6667	303.05	52	835	262.75	NA	NA	NA	NA
LINE	R2	RND-1_FAMILY-195	8083	404.15	16	1182	319.21	NA	NA	NA	NA
LINE	R2	RND-1_FAMILY-222	22453	498.96	21	1869	516.3	NA	NA	NA	NA
LINE	R2	RND-1_FAMILY-258	21448	466.26	47	1225	311.71	NA	NA	NA	NA
LINE	R2	RND-1_FAMILY-26	26875	625	49	3471	873.35	NA	NA	NA	NA
LINE	R2	RND-1_FAMILY-263	33057	533.18	16	2764	746.96	NA	NA	NA	NA
LINE	R2	RND-1_FAMILY-327	3763	268.79	29	707	249.91	NA	NA	NA	NA
LINE	R2	RND-1_FAMILY-395	13710	507.78	45	1945	458.99	NA	NA	NA	NA
LINE	R2	RND-1_FAMILY-426	4957	413.08	166	678	170.55	NA	NA	NA	NA
LINE	R2	RND-1_FAMILY-444	7664	383.2	68	1160	299.16	NA	NA	NA	NA
LINE	R2	RND-1_FAMILY-458	6933	301.43	40	1042	270.97	NA	NA	NA	NA
LINE	R2	RND-1_FAMILY-471	1707	569	402	869	260.36	NA	NA	NA	NA
LINE	R2	RND-1_FAMILY-504	6445	222.24	26	1833	329.39	NA	NA	NA	NA
LINE	R2	RND-1_FAMILY-599	11639	484.96	35	1406	378.82	NA	NA	NA	NA
LINE	R2	RND-1_FAMILY-625	16105	357.89	19	1556	392.49	NA	NA	NA	NA
LINE	R2	RND-1_FAMILY-636	12135	346.71	37	1623	289.63	NA	NA	NA	NA
LINE	R2	RND-1_FAMILY-638	10699	356.63	18	1045	301.17	NA	NA	NA	NA
LINE	R2	RND-1_FAMILY-81	10389	305.56	34	895	246.58	NA	NA	NA	NA
LINE	RTE	RND-1_FAMILY-1	6897	689.7	210	1344	441.83	NA	NA	NA	NA
LINE	RTE	RND-1_FAMILY-457	48818	1683.38	47	3907	1135.68	NA	NA	NA	NA
LINE	RTE	RND-1_FAMILY-614	10259	512.95	37	1276	502.38	NA	NA	NA	NA
LINE	RTE	RND-2_FAMILY-284	41233	763.57	50	3445	760.87	NA	NA	NA	NA
LINE	RTE	RND-2_FAMILY-435	24395	567.33	42	3314	717.76	NA	NA	NA	NA
LTR	ERV1	RND-1_FAMILY-200	8454	367.57	13	982	282.93	NA	NA	NA	NA
LTR	ERV1	RND-1_FAMILY-350	5039	503.9	171	677	190.73	NA	NA	NA	NA
LTR	Gypsy	RND-1_FAMILY-171	46350	1655.36	88	5228	1892.59	NA	NA	NA	NA
LTR	Gypsy	RND-1_FAMILY-237	12875	990.38	29	5107	1443.71	NA	NA	NA	NA
LTR	Gypsy	RND-1_FAMILY-393	83162	2970.07	120	31362	6169.5	NA	NA	NA	NA
LTR	Gypsy	RND-1_FAMILY-442	14906	1242.17	82	5064	1412.94	NA	NA	NA	NA
LTR	Gypsy	RND-1_FAMILY-569	6521	465.79	91	1283	511.11	NA	NA	NA	NA
LTR	Gypsy	RND-1_FAMILY-637	44991	1799.64	87	5111	1874.51	NA	NA	NA	NA
LTR	Pao	RND-1_FAMILY-138	3976	1325.33	120	2243	1090.34	NA	NA	NA	NA
LTR	Pao	RND-1_FAMILY-394	13849	127.06	11	611	111.7	NA	NA	NA	NA
LTR	Pao	RND-1_FAMILY-456	16715	232.15	14	2997	504.23	NA	NA	NA	NA
LTR	Pao	RND-1_FAMILY-606	9980	665.33	50	1555	518.79	NA	NA	NA	NA
LTR	Pao	RND-1_FAMILY-62	9291	489	9	4679	1159.42	NA	NA	NA	NA
LTR	Pao	RND-1_FAMILY-641	8263	516.44	218	1274	237.46	NA	NA	NA	NA
Other	Low_complexity	A-RICH	12956	54.67	25	486	39.93	NA	NA	NA	NA
Other	Low_complexity	G-RICH	1196	62.95	27	147	31.17	NA	NA	NA	NA
Other	Low_complexity	GA-RICH	3336	60.65	27	257	44.32	NA	NA	NA	NA
Other	Satellite	RND-1_FAMILY-105	16194	2699	780	5740	2292.24	NA	NA	NA	NA
Other	Satellite	RND-1_FAMILY-15	4239	136.74	13	288	67.25	NA	NA	NA	NA
Other	Satellite	RND-1_FAMILY-160	16141	896.72	16	14577	3414.4	NA	NA	NA	NA
Other	Satellite	RND-1_FAMILY-185	5425	142.76	11	551	112.95	NA	NA	NA	NA
Other	Satellite	RND-1_FAMILY-236	1084	90.33	27	153	45.24	NA	NA	NA	NA
Other	Satellite	RND-1_FAMILY-37	2249	97.78	36	340	59.61	NA	NA	NA	NA
Other	Satellite	RND-1_FAMILY-5	56151	1305.84	86	17220	3190.09	NA	NA	NA	NA
Other	Satellite	RND-1_FAMILY-549	1845	263.57	56	582	185.82	NA	NA	NA	NA
Other	Satellite	RND-3_FAMILY-927	148	74	59	89	21.21	NA	NA	NA	NA
Other	Simple_repeat	(A)N	73	24.33	22	26	2.08	NA	NA	NA	NA
Other	Simple_repeat	(AAAAG)N	46	46	46	46	NA	NA	NA	NA	NA
Other	Simple_repeat	(AAAAGTC)N	60	60	60	60	NA	NA	NA	NA	NA
Other	Simple_repeat	(AAAATG)N	239	119.5	32	207	123.74	NA	NA	NA	NA
Other	Simple_repeat	(AAACA)N	31	31	31	31	NA	NA	NA	NA	NA
Other	Simple_repeat	(AAAT)N	246	35.14	26	73	16.95	NA	NA	NA	NA
Other	Simple_repeat	(AAATATG)N	70	35	34	36	1.41	NA	NA	NA	NA
Other	Simple_repeat	(AAATCCATAT)N	62	62	62	62	NA	NA	NA	NA	NA
Other	Simple_repeat	(AAATG)N	267	29.67	25	34	3.54	NA	NA	NA	NA
Other	Simple_repeat	(AAATGAATG)N	39	39	39	39	NA	NA	NA	NA	NA
Other	Simple_repeat	(AAC)N	786	35.73	17	102	22.63	NA	NA	NA	NA
Other	Simple_repeat	(AACAA)N	75	37.5	29	46	12.02	NA	NA	NA	NA
Other	Simple_repeat	(AACAACA)N	102	51	40	62	15.56	NA	NA	NA	NA
Other	Simple_repeat	(AACAAT)N	51	51	51	51	NA	NA	NA	NA	NA
Other	Simple_repeat	(AACAATG)N	8	8	8	8	NA	NA	NA	NA	NA
Other	Simple_repeat	(AACATG)N	71	35.5	31	40	6.36	NA	NA	NA	NA
Other	Simple_repeat	(AACCCT)N	93	46.5	37	56	13.44	NA	NA	NA	NA
Other	Simple_repeat	(AACCT)N	31	31	31	31	NA	NA	NA	NA	NA
Other	Simple_repeat	(AACCTGGAA)N	205	51.25	37	65	12.01	NA	NA	NA	NA
Other	Simple_repeat	(AACT)N	75	75	75	75	NA	NA	NA	NA	NA
Other	Simple_repeat	(AACTAAT)N	84	84	84	84	NA	NA	NA	NA	NA
Other	Simple_repeat	(AACTC)N	62	62	62	62	NA	NA	NA	NA	NA
Other	Simple_repeat	(AACTG)N	106	35.33	26	48	11.37	NA	NA	NA	NA
Other	Simple_repeat	(AACTGT)N	31	31	31	31	NA	NA	NA	NA	NA
Other	Simple_repeat	(AACTTCT)N	41	41	41	41	NA	NA	NA	NA	NA
Other	Simple_repeat	(AACTTCTT)N	34	34	34	34	NA	NA	NA	NA	NA
Other	Simple_repeat	(AACTTTCGTG)N	89	89	89	89	NA	NA	NA	NA	NA
Other	Simple_repeat	(AACTTTG)N	38	38	38	38	NA	NA	NA	NA	NA
Other	Simple_repeat	(AAG)N	24	24	24	24	NA	NA	NA	NA	NA
Other	Simple_repeat	(AAGAACT)N	39	39	39	39	NA	NA	NA	NA	NA
Other	Simple_repeat	(AAGACA)N	50	50	50	50	NA	NA	NA	NA	NA
Other	Simple_repeat	(AAGACAT)N	50	50	50	50	NA	NA	NA	NA	NA
Other	Simple_repeat	(AAGATAG)N	43	43	43	43	NA	NA	NA	NA	NA
Other	Simple_repeat	(AAGATC)N	43	43	43	43	NA	NA	NA	NA	NA
Other	Simple_repeat	(AAGATG)N	47	47	47	47	NA	NA	NA	NA	NA
Other	Simple_repeat	(AAGATTA)N	66	66	66	66	NA	NA	NA	NA	NA
Other	Simple_repeat	(AAGC)N	56	28	26	30	2.83	NA	NA	NA	NA
Other	Simple_repeat	(AAGGTC)N	26	26	26	26	NA	NA	NA	NA	NA
Other	Simple_repeat	(AAGTA)N	34	34	34	34	NA	NA	NA	NA	NA
Other	Simple_repeat	(AAGTAA)N	49	49	49	49	NA	NA	NA	NA	NA
Other	Simple_repeat	(AAGTG)N	25	25	25	25	NA	NA	NA	NA	NA
Other	Simple_repeat	(AAGTTT)N	31	31	31	31	NA	NA	NA	NA	NA
Other	Simple_repeat	(AAGTTTG)N	46	46	46	46	NA	NA	NA	NA	NA
Other	Simple_repeat	(AAT)N	1217	34.77	19	90	15.08	NA	NA	NA	NA
Other	Simple_repeat	(AATA)N	415	59.29	24	193	60.06	NA	NA	NA	NA
Other	Simple_repeat	(AATAA)N	103	51.5	41	62	14.85	NA	NA	NA	NA
Other	Simple_repeat	(AATAACA)N	6	6	6	6	NA	NA	NA	NA	NA
Other	Simple_repeat	(AATAAG)N	55	55	55	55	NA	NA	NA	NA	NA
Other	Simple_repeat	(AATAAT)N	67	67	67	67	NA	NA	NA	NA	NA
Other	Simple_repeat	(AATAC)N	783	130.5	17	599	229.8	NA	NA	NA	NA
Other	Simple_repeat	(AATACAA)N	41	41	41	41	NA	NA	NA	NA	NA
Other	Simple_repeat	(AATACGG)N	122	122	122	122	NA	NA	NA	NA	NA
Other	Simple_repeat	(AATACT)N	114	57	34	80	32.53	NA	NA	NA	NA
Other	Simple_repeat	(AATACTT)N	70	70	70	70	NA	NA	NA	NA	NA
Other	Simple_repeat	(AATAG)N	31	31	31	31	NA	NA	NA	NA	NA
Other	Simple_repeat	(AATAGA)N	52	52	52	52	NA	NA	NA	NA	NA
Other	Simple_repeat	(AATAGAT)N	53	53	53	53	NA	NA	NA	NA	NA
Other	Simple_repeat	(AATAGCC)N	40	40	40	40	NA	NA	NA	NA	NA
Other	Simple_repeat	(AATAT)N	1338	102.92	34	335	77.76	NA	NA	NA	NA
Other	Simple_repeat	(AATATA)N	52	52	52	52	NA	NA	NA	NA	NA
Other	Simple_repeat	(AATATC)N	54	54	54	54	NA	NA	NA	NA	NA
Other	Simple_repeat	(AATATGATTT)N	55	55	55	55	NA	NA	NA	NA	NA
Other	Simple_repeat	(AATATT)N	294	58.8	37	102	30.41	NA	NA	NA	NA
Other	Simple_repeat	(AATATTA)N	53	53	53	53	NA	NA	NA	NA	NA
Other	Simple_repeat	(AATC)N	692	53.23	25	104	25.59	NA	NA	NA	NA
Other	Simple_repeat	(AATCA)N	255	63.75	31	130	44.99	NA	NA	NA	NA
Other	Simple_repeat	(AATCAAT)N	73	73	73	73	NA	NA	NA	NA	NA
Other	Simple_repeat	(AATCACA)N	34	34	34	34	NA	NA	NA	NA	NA
Other	Simple_repeat	(AATCAGA)N	43	43	43	43	NA	NA	NA	NA	NA
Other	Simple_repeat	(AATCAGT)N	54	54	54	54	NA	NA	NA	NA	NA
Other	Simple_repeat	(AATCAT)N	60	60	60	60	NA	NA	NA	NA	NA
Other	Simple_repeat	(AATCC)N	40	40	40	40	NA	NA	NA	NA	NA
Other	Simple_repeat	(AATCCG)N	85	42.5	32	53	14.85	NA	NA	NA	NA
Other	Simple_repeat	(AATCCGA)N	34	34	34	34	NA	NA	NA	NA	NA
Other	Simple_repeat	(AATCTAA)N	44	44	44	44	NA	NA	NA	NA	NA
Other	Simple_repeat	(AATG)N	1882	94.1	26	312	98.73	NA	NA	NA	NA
Other	Simple_repeat	(AATGA)N	372	53.14	42	91	17.25	NA	NA	NA	NA
Other	Simple_repeat	(AATGAA)N	116	38.67	29	44	8.39	NA	NA	NA	NA
Other	Simple_repeat	(AATGAT)N	80	80	80	80	NA	NA	NA	NA	NA
Other	Simple_repeat	(AATGCT)N	39	39	39	39	NA	NA	NA	NA	NA
Other	Simple_repeat	(AATGGAT)N	55	55	55	55	NA	NA	NA	NA	NA
Other	Simple_repeat	(AATGT)N	156	78	62	94	22.63	NA	NA	NA	NA
Other	Simple_repeat	(AATGTAT)N	53	53	53	53	NA	NA	NA	NA	NA
Other	Simple_repeat	(AATT)N	212	53	26	83	25.15	NA	NA	NA	NA
Other	Simple_repeat	(AATTA)N	47	47	47	47	NA	NA	NA	NA	NA
Other	Simple_repeat	(AATTAAG)N	45	45	45	45	NA	NA	NA	NA	NA
Other	Simple_repeat	(AATTAT)N	40	40	40	40	NA	NA	NA	NA	NA
Other	Simple_repeat	(AATTATA)N	50	50	50	50	NA	NA	NA	NA	NA
Other	Simple_repeat	(AATTATC)N	34	34	34	34	NA	NA	NA	NA	NA
Other	Simple_repeat	(AATTC)N	116	38.67	28	55	14.36	NA	NA	NA	NA
Other	Simple_repeat	(AATTCA)N	79	79	79	79	NA	NA	NA	NA	NA
Other	Simple_repeat	(AATTCAA)N	47	47	47	47	NA	NA	NA	NA	NA
Other	Simple_repeat	(AATTCGG)N	51	51	51	51	NA	NA	NA	NA	NA
Other	Simple_repeat	(AATTG)N	285	57	33	81	20.06	NA	NA	NA	NA
Other	Simple_repeat	(AATTGT)N	32	32	32	32	NA	NA	NA	NA	NA
Other	Simple_repeat	(AATTT)N	200	40	30	63	13.4	NA	NA	NA	NA
Other	Simple_repeat	(AATTTC)N	133	44.33	41	47	3.06	NA	NA	NA	NA
Other	Simple_repeat	(AATTTG)N	34	34	34	34	NA	NA	NA	NA	NA
Other	Simple_repeat	(AATTTT)N	35	35	35	35	NA	NA	NA	NA	NA
Other	Simple_repeat	(AATTTTG)N	41	41	41	41	NA	NA	NA	NA	NA
Other	Simple_repeat	(AC)N	1626	56.07	17	177	37.38	NA	NA	NA	NA
Other	Simple_repeat	(ACA)N	561	40.07	18	75	18.31	NA	NA	NA	NA
Other	Simple_repeat	(ACAA)N	199	39.8	22	85	26.26	NA	NA	NA	NA
Other	Simple_repeat	(ACAACA)N	25	25	25	25	NA	NA	NA	NA	NA
Other	Simple_repeat	(ACAAG)N	70	35	35	35	0	NA	NA	NA	NA
Other	Simple_repeat	(ACAAGA)N	43	43	43	43	NA	NA	NA	NA	NA
Other	Simple_repeat	(ACAAGAA)N	64	64	64	64	NA	NA	NA	NA	NA
Other	Simple_repeat	(ACAAGACTTT)N	404	404	404	404	NA	NA	NA	NA	NA
Other	Simple_repeat	(ACAAT)N	380	380	380	380	NA	NA	NA	NA	NA
Other	Simple_repeat	(ACAATCACTT)N	48	48	48	48	NA	NA	NA	NA	NA
Other	Simple_repeat	(ACAATT)N	68	34	34	34	0	NA	NA	NA	NA
Other	Simple_repeat	(ACAATTAC)N	46	46	46	46	NA	NA	NA	NA	NA
Other	Simple_repeat	(ACAC)N	126	42	32	61	16.46	NA	NA	NA	NA
Other	Simple_repeat	(ACACA)N	17	17	17	17	NA	NA	NA	NA	NA
Other	Simple_repeat	(ACACAG)N	384	384	384	384	NA	NA	NA	NA	NA
Other	Simple_repeat	(ACACC)N	32	32	32	32	NA	NA	NA	NA	NA
Other	Simple_repeat	(ACACT)N	200	200	200	200	NA	NA	NA	NA	NA
Other	Simple_repeat	(ACACTA)N	33	33	33	33	NA	NA	NA	NA	NA
Other	Simple_repeat	(ACAG)N	102	102	102	102	NA	NA	NA	NA	NA
Other	Simple_repeat	(ACAGAAT)N	42	42	42	42	NA	NA	NA	NA	NA
Other	Simple_repeat	(ACAGAC)N	44	44	44	44	NA	NA	NA	NA	NA
Other	Simple_repeat	(ACAGT)N	198	99	34	164	91.92	NA	NA	NA	NA
Other	Simple_repeat	(ACAT)N	120	60	45	75	21.21	NA	NA	NA	NA
Other	Simple_repeat	(ACATAA)N	68	34	31	37	4.24	NA	NA	NA	NA
Other	Simple_repeat	(ACATCA)N	47	47	47	47	NA	NA	NA	NA	NA
Other	Simple_repeat	(ACATG)N	25	25	25	25	NA	NA	NA	NA	NA
Other	Simple_repeat	(ACATTA)N	47	47	47	47	NA	NA	NA	NA	NA
Other	Simple_repeat	(ACATTC)N	29	29	29	29	NA	NA	NA	NA	NA
Other	Simple_repeat	(ACATTCTC)N	37	37	37	37	NA	NA	NA	NA	NA
Other	Simple_repeat	(ACC)N	65	32.5	23	42	13.44	NA	NA	NA	NA
Other	Simple_repeat	(ACCACC)N	487	487	487	487	NA	NA	NA	NA	NA
Other	Simple_repeat	(ACCATC)N	58	58	58	58	NA	NA	NA	NA	NA
Other	Simple_repeat	(ACCATTACTC)N	68	68	68	68	NA	NA	NA	NA	NA
Other	Simple_repeat	(ACCCTA)N	74	37	27	47	14.14	NA	NA	NA	NA
Other	Simple_repeat	(ACCGTA)N	29	29	29	29	NA	NA	NA	NA	NA
Other	Simple_repeat	(ACCTATA)N	58	58	58	58	NA	NA	NA	NA	NA
Other	Simple_repeat	(ACCTGAAACC)N	59	59	59	59	NA	NA	NA	NA	NA
Other	Simple_repeat	(ACCTTA)N	57	57	57	57	NA	NA	NA	NA	NA
Other	Simple_repeat	(ACG)N	34	34	34	34	NA	NA	NA	NA	NA
Other	Simple_repeat	(ACGA)N	25	25	25	25	NA	NA	NA	NA	NA
Other	Simple_repeat	(ACGATA)N	71	35.5	34	37	2.12	NA	NA	NA	NA
Other	Simple_repeat	(ACGGAT)N	27	27	27	27	NA	NA	NA	NA	NA
Other	Simple_repeat	(ACGT)N	33	33	33	33	NA	NA	NA	NA	NA
Other	Simple_repeat	(ACT)N	90	30	30	30	0	NA	NA	NA	NA
Other	Simple_repeat	(ACTA)N	210	70	35	107	36.04	NA	NA	NA	NA
Other	Simple_repeat	(ACTACAC)N	37	37	37	37	NA	NA	NA	NA	NA
Other	Simple_repeat	(ACTACTGCAT)N	480	480	480	480	NA	NA	NA	NA	NA
Other	Simple_repeat	(ACTAGT)N	37	37	37	37	NA	NA	NA	NA	NA
Other	Simple_repeat	(ACTATA)N	84	84	84	84	NA	NA	NA	NA	NA
Other	Simple_repeat	(ACTATAT)N	39	39	39	39	NA	NA	NA	NA	NA
Other	Simple_repeat	(ACTC)N	152	50.67	43	64	11.59	NA	NA	NA	NA
Other	Simple_repeat	(ACTCA)N	32	32	32	32	NA	NA	NA	NA	NA
Other	Simple_repeat	(ACTCGT)N	26	26	26	26	NA	NA	NA	NA	NA
Other	Simple_repeat	(ACTGCC)N	64	64	64	64	NA	NA	NA	NA	NA
Other	Simple_repeat	(ACTTATGCAT)N	49	49	49	49	NA	NA	NA	NA	NA
Other	Simple_repeat	(ACTTCA)N	33	33	33	33	NA	NA	NA	NA	NA
Other	Simple_repeat	(ACTTT)N	102	51	49	53	2.83	NA	NA	NA	NA
Other	Simple_repeat	(AG)N	842	44.32	19	79	17.72	NA	NA	NA	NA
Other	Simple_repeat	(AGAAT)N	75	37.5	32	43	7.78	NA	NA	NA	NA
Other	Simple_repeat	(AGAATG)N	79	39.5	33	46	9.19	NA	NA	NA	NA
Other	Simple_repeat	(AGAC)N	82	41	35	47	8.49	NA	NA	NA	NA
Other	Simple_repeat	(AGACACTGAT)N	89	89	89	89	NA	NA	NA	NA	NA
Other	Simple_repeat	(AGACC)N	32	32	32	32	NA	NA	NA	NA	NA
Other	Simple_repeat	(AGACGAC)N	43	43	43	43	NA	NA	NA	NA	NA
Other	Simple_repeat	(AGAG)N	605	605	605	605	NA	NA	NA	NA	NA
Other	Simple_repeat	(AGAGAG)N	38	38	38	38	NA	NA	NA	NA	NA
Other	Simple_repeat	(AGAGAGATAC)N	49	49	49	49	NA	NA	NA	NA	NA
Other	Simple_repeat	(AGAT)N	586	73.25	18	163	49.96	NA	NA	NA	NA
Other	Simple_repeat	(AGATGTC)N	44	44	44	44	NA	NA	NA	NA	NA
Other	Simple_repeat	(AGATT)N	28	28	28	28	NA	NA	NA	NA	NA
Other	Simple_repeat	(AGATTC)N	34	34	34	34	NA	NA	NA	NA	NA
Other	Simple_repeat	(AGC)N	226	56.5	18	106	36.63	NA	NA	NA	NA
Other	Simple_repeat	(AGCAAG)N	40	40	40	40	NA	NA	NA	NA	NA
Other	Simple_repeat	(AGCAGA)N	128	128	128	128	NA	NA	NA	NA	NA
Other	Simple_repeat	(AGCAGT)N	52	52	52	52	NA	NA	NA	NA	NA
Other	Simple_repeat	(AGCC)N	328	164	153	175	15.56	NA	NA	NA	NA
Other	Simple_repeat	(AGCT)N	24	24	24	24	NA	NA	NA	NA	NA
Other	Simple_repeat	(AGCTGGA)N	38	38	38	38	NA	NA	NA	NA	NA
Other	Simple_repeat	(AGCTTAA)N	63	63	63	63	NA	NA	NA	NA	NA
Other	Simple_repeat	(AGG)N	20	20	20	20	NA	NA	NA	NA	NA
Other	Simple_repeat	(AGGACGGGAC)N	50	50	50	50	NA	NA	NA	NA	NA
Other	Simple_repeat	(AGGGTT)N	46	46	46	46	NA	NA	NA	NA	NA
Other	Simple_repeat	(AGT)N	25	25	25	25	NA	NA	NA	NA	NA
Other	Simple_repeat	(AGTA)N	23	23	23	23	NA	NA	NA	NA	NA
Other	Simple_repeat	(AGTAACA)N	38	38	38	38	NA	NA	NA	NA	NA
Other	Simple_repeat	(AGTACG)N	27	27	27	27	NA	NA	NA	NA	NA
Other	Simple_repeat	(AGTACTGA)N	44	44	44	44	NA	NA	NA	NA	NA
Other	Simple_repeat	(AGTAT)N	311	311	311	311	NA	NA	NA	NA	NA
Other	Simple_repeat	(AGTATA)N	65	65	65	65	NA	NA	NA	NA	NA
Other	Simple_repeat	(AGTC)N	82	82	82	82	NA	NA	NA	NA	NA
Other	Simple_repeat	(AGTG)N	44	44	44	44	NA	NA	NA	NA	NA
Other	Simple_repeat	(AGTGAC)N	40	40	40	40	NA	NA	NA	NA	NA
Other	Simple_repeat	(AGTGC)N	49	49	49	49	NA	NA	NA	NA	NA
Other	Simple_repeat	(AGTT)N	39	39	39	39	NA	NA	NA	NA	NA
Other	Simple_repeat	(AGTTAT)N	47	47	47	47	NA	NA	NA	NA	NA
Other	Simple_repeat	(AGTTCAG)N	46	46	46	46	NA	NA	NA	NA	NA
Other	Simple_repeat	(AT)N	47867	102.94	18	646	76.04	NA	NA	NA	NA
Other	Simple_repeat	(ATA)N	1009	34.79	17	83	14.7	NA	NA	NA	NA
Other	Simple_repeat	(ATAA)N	351	29.25	17	39	5.74	NA	NA	NA	NA
Other	Simple_repeat	(ATAAA)N	299	149.5	85	214	91.22	NA	NA	NA	NA
Other	Simple_repeat	(ATAACA)N	47	47	47	47	NA	NA	NA	NA	NA
Other	Simple_repeat	(ATAAT)N	878	125.43	10	224	86.27	NA	NA	NA	NA
Other	Simple_repeat	(ATAATAA)N	154	77	35	119	59.4	NA	NA	NA	NA
Other	Simple_repeat	(ATAATAT)N	44	44	44	44	NA	NA	NA	NA	NA
Other	Simple_repeat	(ATAATC)N	78	39	37	41	2.83	NA	NA	NA	NA
Other	Simple_repeat	(ATAATGC)N	35	35	35	35	NA	NA	NA	NA	NA
Other	Simple_repeat	(ATAC)N	1161	52.77	21	359	69.26	NA	NA	NA	NA
Other	Simple_repeat	(ATACA)N	71	35.5	33	38	3.54	NA	NA	NA	NA
Other	Simple_repeat	(ATACAA)N	126	63	58	68	7.07	NA	NA	NA	NA
Other	Simple_repeat	(ATACAAGA)N	59	59	59	59	NA	NA	NA	NA	NA
Other	Simple_repeat	(ATACAT)N	75	75	75	75	NA	NA	NA	NA	NA
Other	Simple_repeat	(ATACCAT)N	55	55	55	55	NA	NA	NA	NA	NA
Other	Simple_repeat	(ATACCTAC)N	51	51	51	51	NA	NA	NA	NA	NA
Other	Simple_repeat	(ATACT)N	128	128	128	128	NA	NA	NA	NA	NA
Other	Simple_repeat	(ATACTC)N	33	33	33	33	NA	NA	NA	NA	NA
Other	Simple_repeat	(ATACTG)N	101	50.5	30	71	28.99	NA	NA	NA	NA
Other	Simple_repeat	(ATAG)N	218	43.6	8	109	39.37	NA	NA	NA	NA
Other	Simple_repeat	(ATAGATC)N	37	37	37	37	NA	NA	NA	NA	NA
Other	Simple_repeat	(ATAGCAA)N	42	42	42	42	NA	NA	NA	NA	NA
Other	Simple_repeat	(ATAGG)N	30	30	30	30	NA	NA	NA	NA	NA
Other	Simple_repeat	(ATAGT)N	414	138	74	263	108.26	NA	NA	NA	NA
Other	Simple_repeat	(ATAGTAA)N	70	70	70	70	NA	NA	NA	NA	NA
Other	Simple_repeat	(ATAGTG)N	139	139	139	139	NA	NA	NA	NA	NA
Other	Simple_repeat	(ATAT)N	1988	142	29	337	85.74	NA	NA	NA	NA
Other	Simple_repeat	(ATATA)N	729	145.8	44	214	65.11	NA	NA	NA	NA
Other	Simple_repeat	(ATATAA)N	398	99.5	50	179	55.51	NA	NA	NA	NA
Other	Simple_repeat	(ATATAC)N	148	74	41	107	46.67	NA	NA	NA	NA
Other	Simple_repeat	(ATATAT)N	1963	130.87	30	242	64.17	NA	NA	NA	NA
Other	Simple_repeat	(ATATATA)N	98	49	45	53	5.66	NA	NA	NA	NA
Other	Simple_repeat	(ATATATG)N	43	43	43	43	NA	NA	NA	NA	NA
Other	Simple_repeat	(ATATC)N	915	130.71	26	388	122.36	NA	NA	NA	NA
Other	Simple_repeat	(ATATCAT)N	108	108	108	108	NA	NA	NA	NA	NA
Other	Simple_repeat	(ATATCT)N	35	35	35	35	NA	NA	NA	NA	NA
Other	Simple_repeat	(ATATCTT)N	55	55	55	55	NA	NA	NA	NA	NA
Other	Simple_repeat	(ATATG)N	1021	127.62	25	415	126.32	NA	NA	NA	NA
Other	Simple_repeat	(ATATGA)N	75	75	75	75	NA	NA	NA	NA	NA
Other	Simple_repeat	(ATATGAT)N	30	30	30	30	NA	NA	NA	NA	NA
Other	Simple_repeat	(ATATGCAA)N	35	35	35	35	NA	NA	NA	NA	NA
Other	Simple_repeat	(ATATGT)N	117	58.5	42	75	23.33	NA	NA	NA	NA
Other	Simple_repeat	(ATATGTAT)N	40	40	40	40	NA	NA	NA	NA	NA
Other	Simple_repeat	(ATATT)N	713	178.25	78	336	113.58	NA	NA	NA	NA
Other	Simple_repeat	(ATATTAT)N	109	109	109	109	NA	NA	NA	NA	NA
Other	Simple_repeat	(ATATTC)N	47	47	47	47	NA	NA	NA	NA	NA
Other	Simple_repeat	(ATATTT)N	92	46	37	55	12.73	NA	NA	NA	NA
Other	Simple_repeat	(ATATTTA)N	55	55	55	55	NA	NA	NA	NA	NA
Other	Simple_repeat	(ATATTTT)N	44	44	44	44	NA	NA	NA	NA	NA
Other	Simple_repeat	(ATC)N	5184	112.7	18	494	126.35	NA	NA	NA	NA
Other	Simple_repeat	(ATCA)N	1327	88.47	32	306	78.79	NA	NA	NA	NA
Other	Simple_repeat	(ATCAA)N	287	57.4	35	76	18.34	NA	NA	NA	NA
Other	Simple_repeat	(ATCAAC)N	51	51	51	51	NA	NA	NA	NA	NA
Other	Simple_repeat	(ATCAATA)N	57	57	57	57	NA	NA	NA	NA	NA
Other	Simple_repeat	(ATCAATCT)N	49	49	49	49	NA	NA	NA	NA	NA
Other	Simple_repeat	(ATCAGC)N	65	65	65	65	NA	NA	NA	NA	NA
Other	Simple_repeat	(ATCAGTT)N	59	59	59	59	NA	NA	NA	NA	NA
Other	Simple_repeat	(ATCAT)N	184	61.33	29	117	48.42	NA	NA	NA	NA
Other	Simple_repeat	(ATCATC)N	287	287	287	287	NA	NA	NA	NA	NA
Other	Simple_repeat	(ATCATCATT)N	71	71	71	71	NA	NA	NA	NA	NA
Other	Simple_repeat	(ATCATT)N	60	60	60	60	NA	NA	NA	NA	NA
Other	Simple_repeat	(ATCATTA)N	25	25	25	25	NA	NA	NA	NA	NA
Other	Simple_repeat	(ATCCG)N	28	28	28	28	NA	NA	NA	NA	NA
Other	Simple_repeat	(ATCCTC)N	42	42	42	42	NA	NA	NA	NA	NA
Other	Simple_repeat	(ATCCTGT)N	44	44	44	44	NA	NA	NA	NA	NA
Other	Simple_repeat	(ATCGTC)N	54	54	54	54	NA	NA	NA	NA	NA
Other	Simple_repeat	(ATCT)N	64	32	25	39	9.9	NA	NA	NA	NA
Other	Simple_repeat	(ATCTACT)N	49	49	49	49	NA	NA	NA	NA	NA
Other	Simple_repeat	(ATCTAT)N	42	42	42	42	NA	NA	NA	NA	NA
Other	Simple_repeat	(ATCTC)N	41	41	41	41	NA	NA	NA	NA	NA
Other	Simple_repeat	(ATCTCACT)N	63	63	63	63	NA	NA	NA	NA	NA
Other	Simple_repeat	(ATCTT)N	37	37	37	37	NA	NA	NA	NA	NA
Other	Simple_repeat	(ATCTTGA)N	32	32	32	32	NA	NA	NA	NA	NA
Other	Simple_repeat	(ATG)N	3178	69.09	17	243	53.75	NA	NA	NA	NA
Other	Simple_repeat	(ATGA)N	747	74.7	42	134	32.03	NA	NA	NA	NA
Other	Simple_repeat	(ATGAA)N	280	40	30	48	6.98	NA	NA	NA	NA
Other	Simple_repeat	(ATGAAA)N	76	38	38	38	0	NA	NA	NA	NA
Other	Simple_repeat	(ATGAAC)N	26	26	26	26	NA	NA	NA	NA	NA
Other	Simple_repeat	(ATGAAG)N	104	52	40	64	16.97	NA	NA	NA	NA
Other	Simple_repeat	(ATGAC)N	476	68	54	152	37.04	NA	NA	NA	NA
Other	Simple_repeat	(ATGAT)N	628	125.6	30	458	186.23	NA	NA	NA	NA
Other	Simple_repeat	(ATGATA)N	153	76.5	41	112	50.2	NA	NA	NA	NA
Other	Simple_repeat	(ATGATAC)N	156	156	156	156	NA	NA	NA	NA	NA
Other	Simple_repeat	(ATGATG)N	413	137.67	46	291	133.64	NA	NA	NA	NA
Other	Simple_repeat	(ATGATGT)N	59	59	59	59	NA	NA	NA	NA	NA
Other	Simple_repeat	(ATGATT)N	42	42	42	42	NA	NA	NA	NA	NA
Other	Simple_repeat	(ATGATTATG)N	41	41	41	41	NA	NA	NA	NA	NA
Other	Simple_repeat	(ATGCT)N	48	48	48	48	NA	NA	NA	NA	NA
Other	Simple_repeat	(ATGCTC)N	32	32	32	32	NA	NA	NA	NA	NA
Other	Simple_repeat	(ATGCTG)N	65	65	65	65	NA	NA	NA	NA	NA
Other	Simple_repeat	(ATGG)N	210	105	60	150	63.64	NA	NA	NA	NA
Other	Simple_repeat	(ATGGC)N	35	35	35	35	NA	NA	NA	NA	NA
Other	Simple_repeat	(ATGT)N	728	60.67	14	245	64.44	NA	NA	NA	NA
Other	Simple_repeat	(ATGTA)N	64	32	30	34	2.83	NA	NA	NA	NA
Other	Simple_repeat	(ATGTAA)N	92	46	39	53	9.9	NA	NA	NA	NA
Other	Simple_repeat	(ATGTAC)N	37	37	37	37	NA	NA	NA	NA	NA
Other	Simple_repeat	(ATGTACA)N	53	53	53	53	NA	NA	NA	NA	NA
Other	Simple_repeat	(ATGTGT)N	34	34	34	34	NA	NA	NA	NA	NA
Other	Simple_repeat	(ATGTT)N	68	34	34	34	0	NA	NA	NA	NA
Other	Simple_repeat	(ATGTTG)N	54	54	54	54	NA	NA	NA	NA	NA
Other	Simple_repeat	(ATGTTTT)N	43	43	43	43	NA	NA	NA	NA	NA
Other	Simple_repeat	(ATT)N	801	26.7	17	54	8.45	NA	NA	NA	NA
Other	Simple_repeat	(ATTA)N	34	34	34	34	NA	NA	NA	NA	NA
Other	Simple_repeat	(ATTAAT)N	134	67	63	71	5.66	NA	NA	NA	NA
Other	Simple_repeat	(ATTAATG)N	54	54	54	54	NA	NA	NA	NA	NA
Other	Simple_repeat	(ATTACC)N	26	26	26	26	NA	NA	NA	NA	NA
Other	Simple_repeat	(ATTAG)N	49	49	49	49	NA	NA	NA	NA	NA
Other	Simple_repeat	(ATTAGC)N	37	37	37	37	NA	NA	NA	NA	NA
Other	Simple_repeat	(ATTAT)N	1183	236.6	52	678	253.89	NA	NA	NA	NA
Other	Simple_repeat	(ATTATA)N	76	38	35	41	4.24	NA	NA	NA	NA
Other	Simple_repeat	(ATTATC)N	77	38.5	34	43	6.36	NA	NA	NA	NA
Other	Simple_repeat	(ATTATG)N	93	46.5	34	59	17.68	NA	NA	NA	NA
Other	Simple_repeat	(ATTATGC)N	66	66	66	66	NA	NA	NA	NA	NA
Other	Simple_repeat	(ATTC)N	2557	196.69	23	613	177.13	NA	NA	NA	NA
Other	Simple_repeat	(ATTCA)N	141	70.5	63	78	10.61	NA	NA	NA	NA
Other	Simple_repeat	(ATTCAA)N	35	35	35	35	NA	NA	NA	NA	NA
Other	Simple_repeat	(ATTCAC)N	34	34	34	34	NA	NA	NA	NA	NA
Other	Simple_repeat	(ATTCC)N	46	46	46	46	NA	NA	NA	NA	NA
Other	Simple_repeat	(ATTCCGA)N	49	49	49	49	NA	NA	NA	NA	NA
Other	Simple_repeat	(ATTG)N	2080	104	25	340	106.2	NA	NA	NA	NA
Other	Simple_repeat	(ATTGA)N	93	46.5	28	65	26.16	NA	NA	NA	NA
Other	Simple_repeat	(ATTGAA)N	93	46.5	41	52	7.78	NA	NA	NA	NA
Other	Simple_repeat	(ATTGC)N	73	73	73	73	NA	NA	NA	NA	NA
Other	Simple_repeat	(ATTGCTC)N	57	57	57	57	NA	NA	NA	NA	NA
Other	Simple_repeat	(ATTGT)N	140	70	42	98	39.6	NA	NA	NA	NA
Other	Simple_repeat	(ATTGTCT)N	43	43	43	43	NA	NA	NA	NA	NA
Other	Simple_repeat	(ATTGTT)N	113	37.67	6	64	29.37	NA	NA	NA	NA
Other	Simple_repeat	(ATTT)N	1399	60.83	21	178	47.86	NA	NA	NA	NA
Other	Simple_repeat	(ATTTA)N	44	22	8	36	19.8	NA	NA	NA	NA
Other	Simple_repeat	(ATTTAAT)N	46	46	46	46	NA	NA	NA	NA	NA
Other	Simple_repeat	(ATTTACA)N	43	43	43	43	NA	NA	NA	NA	NA
Other	Simple_repeat	(ATTTAT)N	103	51.5	50	53	2.12	NA	NA	NA	NA
Other	Simple_repeat	(ATTTATA)N	43	43	43	43	NA	NA	NA	NA	NA
Other	Simple_repeat	(ATTTATC)N	37	37	37	37	NA	NA	NA	NA	NA
Other	Simple_repeat	(ATTTC)N	286	40.86	26	68	13.2	NA	NA	NA	NA
Other	Simple_repeat	(ATTTCA)N	104	34.67	30	43	7.23	NA	NA	NA	NA
Other	Simple_repeat	(ATTTCAA)N	38	38	38	38	NA	NA	NA	NA	NA
Other	Simple_repeat	(ATTTCC)N	34	34	34	34	NA	NA	NA	NA	NA
Other	Simple_repeat	(ATTTCCA)N	38	38	38	38	NA	NA	NA	NA	NA
Other	Simple_repeat	(ATTTCTG)N	40	40	40	40	NA	NA	NA	NA	NA
Other	Simple_repeat	(ATTTG)N	73	36.5	32	41	6.36	NA	NA	NA	NA
Other	Simple_repeat	(ATTTGCACAG)N	91	91	91	91	NA	NA	NA	NA	NA
Other	Simple_repeat	(ATTTGTT)N	51	51	51	51	NA	NA	NA	NA	NA
Other	Simple_repeat	(ATTTT)N	268	53.6	27	81	20.19	NA	NA	NA	NA
Other	Simple_repeat	(ATTTTA)N	31	31	31	31	NA	NA	NA	NA	NA
Other	Simple_repeat	(ATTTTAA)N	49	49	49	49	NA	NA	NA	NA	NA
Other	Simple_repeat	(ATTTTC)N	120	40	32	49	8.54	NA	NA	NA	NA
Other	Simple_repeat	(ATTTTCA)N	43	43	43	43	NA	NA	NA	NA	NA
Other	Simple_repeat	(ATTTTG)N	44	44	44	44	NA	NA	NA	NA	NA
Other	Simple_repeat	(ATTTTGT)N	43	43	43	43	NA	NA	NA	NA	NA
Other	Simple_repeat	(ATTTTT)N	279	139.5	50	229	126.57	NA	NA	NA	NA
Other	Simple_repeat	(ATTTTTT)N	108	36	29	40	6.08	NA	NA	NA	NA
Other	Simple_repeat	(C)N	60	20	17	24	3.61	NA	NA	NA	NA
Other	Simple_repeat	(CA)N	803	42.26	10	148	32.6	NA	NA	NA	NA
Other	Simple_repeat	(CAA)N	1193	45.88	17	398	72.46	NA	NA	NA	NA
Other	Simple_repeat	(CAAA)N	33	33	33	33	NA	NA	NA	NA	NA
Other	Simple_repeat	(CAACAT)N	36	36	36	36	NA	NA	NA	NA	NA
Other	Simple_repeat	(CAAG)N	32	32	32	32	NA	NA	NA	NA	NA
Other	Simple_repeat	(CAAT)N	362	45.25	22	62	14.76	NA	NA	NA	NA
Other	Simple_repeat	(CAATAG)N	70	35	32	38	4.24	NA	NA	NA	NA
Other	Simple_repeat	(CAATAT)N	32	32	32	32	NA	NA	NA	NA	NA
Other	Simple_repeat	(CAATGATTGA)N	44	44	44	44	NA	NA	NA	NA	NA
Other	Simple_repeat	(CAATGCAGTA)N	150	150	150	150	NA	NA	NA	NA	NA
Other	Simple_repeat	(CAATT)N	69	34.5	30	39	6.36	NA	NA	NA	NA
Other	Simple_repeat	(CAATTT)N	71	35.5	34	37	2.12	NA	NA	NA	NA
Other	Simple_repeat	(CAC)N	339	42.38	19	126	35.52	NA	NA	NA	NA
Other	Simple_repeat	(CACA)N	36	36	36	36	NA	NA	NA	NA	NA
Other	Simple_repeat	(CACAATGGAT)N	246	246	246	246	NA	NA	NA	NA	NA
Other	Simple_repeat	(CACACAC)N	11	11	11	11	NA	NA	NA	NA	NA
Other	Simple_repeat	(CACACG)N	46	46	46	46	NA	NA	NA	NA	NA
Other	Simple_repeat	(CACAGCTTT)N	39	39	39	39	NA	NA	NA	NA	NA
Other	Simple_repeat	(CACAT)N	75	75	75	75	NA	NA	NA	NA	NA
Other	Simple_repeat	(CACG)N	30	30	30	30	NA	NA	NA	NA	NA
Other	Simple_repeat	(CACGAAT)N	44	44	44	44	NA	NA	NA	NA	NA
Other	Simple_repeat	(CACT)N	746	186.5	52	471	191.85	NA	NA	NA	NA
Other	Simple_repeat	(CACTGAG)N	40	40	40	40	NA	NA	NA	NA	NA
Other	Simple_repeat	(CACTT)N	33	33	33	33	NA	NA	NA	NA	NA
Other	Simple_repeat	(CACTTA)N	43	43	43	43	NA	NA	NA	NA	NA
Other	Simple_repeat	(CACTTCT)N	47	47	47	47	NA	NA	NA	NA	NA
Other	Simple_repeat	(CAG)N	632	70.22	35	147	42	NA	NA	NA	NA
Other	Simple_repeat	(CAGA)N	54	54	54	54	NA	NA	NA	NA	NA
Other	Simple_repeat	(CAGATT)N	68	34	31	37	4.24	NA	NA	NA	NA
Other	Simple_repeat	(CAGCAC)N	128	128	128	128	NA	NA	NA	NA	NA
Other	Simple_repeat	(CAGCCA)N	34	34	34	34	NA	NA	NA	NA	NA
Other	Simple_repeat	(CAGT)N	101	101	101	101	NA	NA	NA	NA	NA
Other	Simple_repeat	(CAGTA)N	53	53	53	53	NA	NA	NA	NA	NA
Other	Simple_repeat	(CAGTCTGCGT)N	48	48	48	48	NA	NA	NA	NA	NA
Other	Simple_repeat	(CAT)N	3983	92.63	21	558	107.81	NA	NA	NA	NA
Other	Simple_repeat	(CATA)N	305	43.57	24	77	22.57	NA	NA	NA	NA
Other	Simple_repeat	(CATAAG)N	40	40	40	40	NA	NA	NA	NA	NA
Other	Simple_repeat	(CATAAT)N	71	35.5	34	37	2.12	NA	NA	NA	NA
Other	Simple_repeat	(CATAG)N	58	58	58	58	NA	NA	NA	NA	NA
Other	Simple_repeat	(CATAT)N	332	166	163	169	4.24	NA	NA	NA	NA
Other	Simple_repeat	(CATATT)N	54	54	54	54	NA	NA	NA	NA	NA
Other	Simple_repeat	(CATATTA)N	57	57	57	57	NA	NA	NA	NA	NA
Other	Simple_repeat	(CATCAC)N	39	39	39	39	NA	NA	NA	NA	NA
Other	Simple_repeat	(CATCAT)N	620	155	108	216	51.48	NA	NA	NA	NA
Other	Simple_repeat	(CATCG)N	58	58	58	58	NA	NA	NA	NA	NA
Other	Simple_repeat	(CATCTT)N	79	79	79	79	NA	NA	NA	NA	NA
Other	Simple_repeat	(CATGACA)N	44	44	44	44	NA	NA	NA	NA	NA
Other	Simple_repeat	(CATGCTT)N	36	36	36	36	NA	NA	NA	NA	NA
Other	Simple_repeat	(CATT)N	946	94.6	22	381	105.6	NA	NA	NA	NA
Other	Simple_repeat	(CATTA)N	83	41.5	35	48	9.19	NA	NA	NA	NA
Other	Simple_repeat	(CATTGA)N	107	107	107	107	NA	NA	NA	NA	NA
Other	Simple_repeat	(CATTT)N	62	31	25	37	8.49	NA	NA	NA	NA
Other	Simple_repeat	(CATTTG)N	87	43.5	33	54	14.85	NA	NA	NA	NA
Other	Simple_repeat	(CATTTT)N	39	39	39	39	NA	NA	NA	NA	NA
Other	Simple_repeat	(CCA)N	237	33.86	24	77	19.15	NA	NA	NA	NA
Other	Simple_repeat	(CCAATCTGAC)N	41	41	41	41	NA	NA	NA	NA	NA
Other	Simple_repeat	(CCACCT)N	61	61	61	61	NA	NA	NA	NA	NA
Other	Simple_repeat	(CCACGA)N	44	44	44	44	NA	NA	NA	NA	NA
Other	Simple_repeat	(CCCCTGCCA)N	125	62.5	49	76	19.09	NA	NA	NA	NA
Other	Simple_repeat	(CCCTAA)N	127	127	127	127	NA	NA	NA	NA	NA
Other	Simple_repeat	(CCCTGTT)N	43	43	43	43	NA	NA	NA	NA	NA
Other	Simple_repeat	(CCG)N	18	18	18	18	NA	NA	NA	NA	NA
Other	Simple_repeat	(CCGGAG)N	136	68	68	68	0	NA	NA	NA	NA
Other	Simple_repeat	(CCT)N	34	34	34	34	NA	NA	NA	NA	NA
Other	Simple_repeat	(CCTAAC)N	143	71.5	63	80	12.02	NA	NA	NA	NA
Other	Simple_repeat	(CCTCCTC)N	34	34	34	34	NA	NA	NA	NA	NA
Other	Simple_repeat	(CCTCTC)N	62	62	62	62	NA	NA	NA	NA	NA
Other	Simple_repeat	(CCTGCACAAG)N	78	78	78	78	NA	NA	NA	NA	NA
Other	Simple_repeat	(CCTT)N	68	34	28	40	8.49	NA	NA	NA	NA
Other	Simple_repeat	(CCTTTT)N	39	39	39	39	NA	NA	NA	NA	NA
Other	Simple_repeat	(CGA)N	100	33.33	25	45	10.41	NA	NA	NA	NA
Other	Simple_repeat	(CGAGCAAAGG)N	128	128	128	128	NA	NA	NA	NA	NA
Other	Simple_repeat	(CGATTT)N	32	32	32	32	NA	NA	NA	NA	NA
Other	Simple_repeat	(CGCACA)N	55	55	55	55	NA	NA	NA	NA	NA
Other	Simple_repeat	(CGT)N	310	51.67	17	190	67.98	NA	NA	NA	NA
Other	Simple_repeat	(CGTTC)N	33	33	33	33	NA	NA	NA	NA	NA
Other	Simple_repeat	(CT)N	612	43.71	25	67	12.99	NA	NA	NA	NA
Other	Simple_repeat	(CTA)N	91	91	91	91	NA	NA	NA	NA	NA
Other	Simple_repeat	(CTAA)N	31	31	31	31	NA	NA	NA	NA	NA
Other	Simple_repeat	(CTAACC)N	539	67.38	45	112	19.88	NA	NA	NA	NA
Other	Simple_repeat	(CTAAGAGAT)N	40	40	40	40	NA	NA	NA	NA	NA
Other	Simple_repeat	(CTACAGA)N	39	39	39	39	NA	NA	NA	NA	NA
Other	Simple_repeat	(CTAT)N	23	23	23	23	NA	NA	NA	NA	NA
Other	Simple_repeat	(CTATA)N	165	82.5	56	109	37.48	NA	NA	NA	NA
Other	Simple_repeat	(CTATTG)N	40	40	40	40	NA	NA	NA	NA	NA
Other	Simple_repeat	(CTATTT)N	81	81	81	81	NA	NA	NA	NA	NA
Other	Simple_repeat	(CTCA)N	882	176.4	73	404	147.59	NA	NA	NA	NA
Other	Simple_repeat	(CTCC)N	59	29.5	29	30	0.71	NA	NA	NA	NA
Other	Simple_repeat	(CTCCGG)N	68	68	68	68	NA	NA	NA	NA	NA
Other	Simple_repeat	(CTCCTT)N	74	74	74	74	NA	NA	NA	NA	NA
Other	Simple_repeat	(CTCCTTT)N	44	44	44	44	NA	NA	NA	NA	NA
Other	Simple_repeat	(CTCGA)N	68	68	68	68	NA	NA	NA	NA	NA
Other	Simple_repeat	(CTCGATGCTA)N	75	75	75	75	NA	NA	NA	NA	NA
Other	Simple_repeat	(CTCT)N	30	30	30	30	NA	NA	NA	NA	NA
Other	Simple_repeat	(CTCTAA)N	48	48	48	48	NA	NA	NA	NA	NA
Other	Simple_repeat	(CTCTCT)N	64	64	64	64	NA	NA	NA	NA	NA
Other	Simple_repeat	(CTG)N	140	46.67	33	56	12.1	NA	NA	NA	NA
Other	Simple_repeat	(CTGAACTGAC)N	99	99	99	99	NA	NA	NA	NA	NA
Other	Simple_repeat	(CTGAC)N	122	122	122	122	NA	NA	NA	NA	NA
Other	Simple_repeat	(CTGCAA)N	88	44	43	45	1.41	NA	NA	NA	NA
Other	Simple_repeat	(CTGCAACAA)N	80	80	80	80	NA	NA	NA	NA	NA
Other	Simple_repeat	(CTGCTCT)N	35	35	35	35	NA	NA	NA	NA	NA
Other	Simple_repeat	(CTGG)N	75	75	75	75	NA	NA	NA	NA	NA
Other	Simple_repeat	(CTGGATAGAG)N	388	77.6	51	184	59.48	NA	NA	NA	NA
Other	Simple_repeat	(CTGTCA)N	35	35	35	35	NA	NA	NA	NA	NA
Other	Simple_repeat	(CTGTCT)N	88	88	88	88	NA	NA	NA	NA	NA
Other	Simple_repeat	(CTT)N	382	38.2	21	97	24.84	NA	NA	NA	NA
Other	Simple_repeat	(CTTACCA)N	38	38	38	38	NA	NA	NA	NA	NA
Other	Simple_repeat	(CTTC)N	32	32	32	32	NA	NA	NA	NA	NA
Other	Simple_repeat	(CTTCA)N	43	43	43	43	NA	NA	NA	NA	NA
Other	Simple_repeat	(CTTCAT)N	87	43.5	38	49	7.78	NA	NA	NA	NA
Other	Simple_repeat	(CTTGA)N	24	24	24	24	NA	NA	NA	NA	NA
Other	Simple_repeat	(CTTGAC)N	28	28	28	28	NA	NA	NA	NA	NA
Other	Simple_repeat	(CTTT)N	383	76.6	25	239	91.11	NA	NA	NA	NA
Other	Simple_repeat	(CTTTGG)N	32	32	32	32	NA	NA	NA	NA	NA
Other	Simple_repeat	(CTTTT)N	96	48	27	69	29.7	NA	NA	NA	NA
Other	Simple_repeat	(CTTTTC)N	135	67.5	50	85	24.75	NA	NA	NA	NA
Other	Simple_repeat	(G)N	45	22.5	20	25	3.54	NA	NA	NA	NA
Other	Simple_repeat	(GA)N	1063	39.37	19	66	12.99	NA	NA	NA	NA
Other	Simple_repeat	(GAA)N	66	22	17	25	4.36	NA	NA	NA	NA
Other	Simple_repeat	(GAAAGATCGT)N	99	99	99	99	NA	NA	NA	NA	NA
Other	Simple_repeat	(GAACATG)N	41	41	41	41	NA	NA	NA	NA	NA
Other	Simple_repeat	(GAACTT)N	46	46	46	46	NA	NA	NA	NA	NA
Other	Simple_repeat	(GAAGAC)N	33	33	33	33	NA	NA	NA	NA	NA
Other	Simple_repeat	(GAAGAT)N	59	59	59	59	NA	NA	NA	NA	NA
Other	Simple_repeat	(GAAGTG)N	51	51	51	51	NA	NA	NA	NA	NA
Other	Simple_repeat	(GAAT)N	341	48.71	24	108	29.45	NA	NA	NA	NA
Other	Simple_repeat	(GAATA)N	39	39	39	39	NA	NA	NA	NA	NA
Other	Simple_repeat	(GAATAGCT)N	78	78	78	78	NA	NA	NA	NA	NA
Other	Simple_repeat	(GAATCT)N	31	31	31	31	NA	NA	NA	NA	NA
Other	Simple_repeat	(GAATG)N	27	27	27	27	NA	NA	NA	NA	NA
Other	Simple_repeat	(GAATGT)N	37	37	37	37	NA	NA	NA	NA	NA
Other	Simple_repeat	(GAATTGA)N	73	73	73	73	NA	NA	NA	NA	NA
Other	Simple_repeat	(GAC)N	422	60.29	25	191	58.48	NA	NA	NA	NA
Other	Simple_repeat	(GACA)N	117	117	117	117	NA	NA	NA	NA	NA
Other	Simple_repeat	(GACAA)N	34	34	34	34	NA	NA	NA	NA	NA
Other	Simple_repeat	(GACACA)N	127	127	127	127	NA	NA	NA	NA	NA
Other	Simple_repeat	(GACACT)N	41	41	41	41	NA	NA	NA	NA	NA
Other	Simple_repeat	(GACAGT)N	41	41	41	41	NA	NA	NA	NA	NA
Other	Simple_repeat	(GACGAG)N	27	27	27	27	NA	NA	NA	NA	NA
Other	Simple_repeat	(GACGAT)N	32	32	32	32	NA	NA	NA	NA	NA
Other	Simple_repeat	(GAGATAT)N	40	40	40	40	NA	NA	NA	NA	NA
Other	Simple_repeat	(GAGGAC)N	40	40	40	40	NA	NA	NA	NA	NA
Other	Simple_repeat	(GAGT)N	411	137	52	303	143.77	NA	NA	NA	NA
Other	Simple_repeat	(GAT)N	3072	118.15	22	416	123.97	NA	NA	NA	NA
Other	Simple_repeat	(GATA)N	194	48.5	32	68	14.89	NA	NA	NA	NA
Other	Simple_repeat	(GATAT)N	30	30	30	30	NA	NA	NA	NA	NA
Other	Simple_repeat	(GATATTT)N	38	38	38	38	NA	NA	NA	NA	NA
Other	Simple_repeat	(GATG)N	2464	352	24	1812	650.56	NA	NA	NA	NA
Other	Simple_repeat	(GATGAA)N	256	64	34	74	20	NA	NA	NA	NA
Other	Simple_repeat	(GATGAT)N	456	228	132	324	135.76	NA	NA	NA	NA
Other	Simple_repeat	(GATGATCAT)N	42	42	42	42	NA	NA	NA	NA	NA
Other	Simple_repeat	(GATGGATGG)N	5423	2711.5	2315	3108	560.74	NA	NA	NA	NA
Other	Simple_repeat	(GATGT)N	131	65.5	27	104	54.45	NA	NA	NA	NA
Other	Simple_repeat	(GATT)N	629	57.18	31	140	34.76	NA	NA	NA	NA
Other	Simple_repeat	(GATTA)N	56	56	56	56	NA	NA	NA	NA	NA
Other	Simple_repeat	(GATTAGATTC)N	45	45	45	45	NA	NA	NA	NA	NA
Other	Simple_repeat	(GATTAT)N	42	42	42	42	NA	NA	NA	NA	NA
Other	Simple_repeat	(GATTTT)N	50	50	50	50	NA	NA	NA	NA	NA
Other	Simple_repeat	(GCA)N	87	29	19	39	10	NA	NA	NA	NA
Other	Simple_repeat	(GCAAAATGTC)N	58	58	58	58	NA	NA	NA	NA	NA
Other	Simple_repeat	(GCAACA)N	119	59.5	50	69	13.44	NA	NA	NA	NA
Other	Simple_repeat	(GCAAGTG)N	34	34	34	34	NA	NA	NA	NA	NA
Other	Simple_repeat	(GCACAC)N	69	69	69	69	NA	NA	NA	NA	NA
Other	Simple_repeat	(GCATC)N	26	26	26	26	NA	NA	NA	NA	NA
Other	Simple_repeat	(GCATGA)N	35	35	35	35	NA	NA	NA	NA	NA
Other	Simple_repeat	(GCC)N	19	19	19	19	NA	NA	NA	NA	NA
Other	Simple_repeat	(GCGC)N	39	39	39	39	NA	NA	NA	NA	NA
Other	Simple_repeat	(GCT)N	86	28.67	18	42	12.22	NA	NA	NA	NA
Other	Simple_repeat	(GCTAAC)N	35	35	35	35	NA	NA	NA	NA	NA
Other	Simple_repeat	(GCTATG)N	42	42	42	42	NA	NA	NA	NA	NA
Other	Simple_repeat	(GCTATT)N	49	49	49	49	NA	NA	NA	NA	NA
Other	Simple_repeat	(GCTCTT)N	33	33	33	33	NA	NA	NA	NA	NA
Other	Simple_repeat	(GGA)N	64	64	64	64	NA	NA	NA	NA	NA
Other	Simple_repeat	(GGAAC)N	31	31	31	31	NA	NA	NA	NA	NA
Other	Simple_repeat	(GGAATCA)N	57	57	57	57	NA	NA	NA	NA	NA
Other	Simple_repeat	(GGAT)N	337	337	337	337	NA	NA	NA	NA	NA
Other	Simple_repeat	(GGATA)N	118	118	118	118	NA	NA	NA	NA	NA
Other	Simple_repeat	(GGATG)N	158	158	158	158	NA	NA	NA	NA	NA
Other	Simple_repeat	(GGATGA)N	61	61	61	61	NA	NA	NA	NA	NA
Other	Simple_repeat	(GGATTA)N	39	39	39	39	NA	NA	NA	NA	NA
Other	Simple_repeat	(GGGA)N	26	26	26	26	NA	NA	NA	NA	NA
Other	Simple_repeat	(GGGAGGGAGG)N	43	43	43	43	NA	NA	NA	NA	NA
Other	Simple_repeat	(GGGGA)N	31	31	31	31	NA	NA	NA	NA	NA
Other	Simple_repeat	(GGGGTGGCA)N	76	76	76	76	NA	NA	NA	NA	NA
Other	Simple_repeat	(GGGT)N	21	21	21	21	NA	NA	NA	NA	NA
Other	Simple_repeat	(GGT)N	517	86.17	28	306	108.66	NA	NA	NA	NA
Other	Simple_repeat	(GGTAGG)N	47	47	47	47	NA	NA	NA	NA	NA
Other	Simple_repeat	(GGTATA)N	53	53	53	53	NA	NA	NA	NA	NA
Other	Simple_repeat	(GGTCAGATTG)N	41	41	41	41	NA	NA	NA	NA	NA
Other	Simple_repeat	(GGTGGT)N	115	57.5	41	74	23.33	NA	NA	NA	NA
Other	Simple_repeat	(GGTGTT)N	53	53	53	53	NA	NA	NA	NA	NA
Other	Simple_repeat	(GGTTAG)N	3091	1545.5	37	3054	2133.34	NA	NA	NA	NA
Other	Simple_repeat	(GT)N	579	48.25	18	135	33.05	NA	NA	NA	NA
Other	Simple_repeat	(GTA)N	125	31.25	17	58	18.68	NA	NA	NA	NA
Other	Simple_repeat	(GTAAT)N	31	31	31	31	NA	NA	NA	NA	NA
Other	Simple_repeat	(GTAATC)N	48	48	48	48	NA	NA	NA	NA	NA
Other	Simple_repeat	(GTACA)N	248	248	248	248	NA	NA	NA	NA	NA
Other	Simple_repeat	(GTACG)N	36	36	36	36	NA	NA	NA	NA	NA
Other	Simple_repeat	(GTACTA)N	65	65	65	65	NA	NA	NA	NA	NA
Other	Simple_repeat	(GTAGA)N	59	29.5	27	32	3.54	NA	NA	NA	NA
Other	Simple_repeat	(GTAGATT)N	38	38	38	38	NA	NA	NA	NA	NA
Other	Simple_repeat	(GTAGCA)N	37	37	37	37	NA	NA	NA	NA	NA
Other	Simple_repeat	(GTAT)N	165	33	22	43	8.57	NA	NA	NA	NA
Other	Simple_repeat	(GTATAT)N	130	65	44	86	29.7	NA	NA	NA	NA
Other	Simple_repeat	(GTATATA)N	69	69	69	69	NA	NA	NA	NA	NA
Other	Simple_repeat	(GTATGT)N	36	36	36	36	NA	NA	NA	NA	NA
Other	Simple_repeat	(GTATT)N	58	58	58	58	NA	NA	NA	NA	NA
Other	Simple_repeat	(GTATTT)N	69	34.5	33	36	2.12	NA	NA	NA	NA
Other	Simple_repeat	(GTATTTCT)N	45	45	45	45	NA	NA	NA	NA	NA
Other	Simple_repeat	(GTC)N	654	46.71	24	192	43.2	NA	NA	NA	NA
Other	Simple_repeat	(GTCGCAGAGT)N	41	41	41	41	NA	NA	NA	NA	NA
Other	Simple_repeat	(GTCGTC)N	69	69	69	69	NA	NA	NA	NA	NA
Other	Simple_repeat	(GTCT)N	107	107	107	107	NA	NA	NA	NA	NA
Other	Simple_repeat	(GTCTGA)N	39	39	39	39	NA	NA	NA	NA	NA
Other	Simple_repeat	(GTCTT)N	25	25	25	25	NA	NA	NA	NA	NA
Other	Simple_repeat	(GTCTTTT)N	35	35	35	35	NA	NA	NA	NA	NA
Other	Simple_repeat	(GTG)N	104	34.67	24	46	11.02	NA	NA	NA	NA
Other	Simple_repeat	(GTGA)N	134	134	134	134	NA	NA	NA	NA	NA
Other	Simple_repeat	(GTGAC)N	70	70	70	70	NA	NA	NA	NA	NA
Other	Simple_repeat	(GTGATG)N	141	141	141	141	NA	NA	NA	NA	NA
Other	Simple_repeat	(GTGC)N	130	130	130	130	NA	NA	NA	NA	NA
Other	Simple_repeat	(GTGCGACAG)N	45	45	45	45	NA	NA	NA	NA	NA
Other	Simple_repeat	(GTGG)N	32	32	32	32	NA	NA	NA	NA	NA
Other	Simple_repeat	(GTGGAA)N	43	43	43	43	NA	NA	NA	NA	NA
Other	Simple_repeat	(GTGGC)N	39	39	39	39	NA	NA	NA	NA	NA
Other	Simple_repeat	(GTGGTC)N	93	93	93	93	NA	NA	NA	NA	NA
Other	Simple_repeat	(GTGT)N	65	32.5	27	38	7.78	NA	NA	NA	NA
Other	Simple_repeat	(GTGTAAT)N	37	37	37	37	NA	NA	NA	NA	NA
Other	Simple_repeat	(GTGTGT)N	38	38	38	38	NA	NA	NA	NA	NA
Other	Simple_repeat	(GTT)N	293	32.56	20	60	14.98	NA	NA	NA	NA
Other	Simple_repeat	(GTTAGG)N	86	86	86	86	NA	NA	NA	NA	NA
Other	Simple_repeat	(GTTCA)N	29	29	29	29	NA	NA	NA	NA	NA
Other	Simple_repeat	(GTTGAA)N	70	70	70	70	NA	NA	NA	NA	NA
Other	Simple_repeat	(GTTGAT)N	61	61	61	61	NA	NA	NA	NA	NA
Other	Simple_repeat	(GTTGTCGAGC)N	52	52	52	52	NA	NA	NA	NA	NA
Other	Simple_repeat	(GTTGTT)N	40	40	40	40	NA	NA	NA	NA	NA
Other	Simple_repeat	(GTTTGT)N	37	37	37	37	NA	NA	NA	NA	NA
Other	Simple_repeat	(GTTTGTT)N	40	40	40	40	NA	NA	NA	NA	NA
Other	Simple_repeat	(GTTTTCA)N	42	42	42	42	NA	NA	NA	NA	NA
Other	Simple_repeat	(GTTTTTT)N	52	52	52	52	NA	NA	NA	NA	NA
Other	Simple_repeat	(T)N	389	27.79	21	37	4.79	NA	NA	NA	NA
Other	Simple_repeat	(TA)N	49076	105.77	17	517	73.83	NA	NA	NA	NA
Other	Simple_repeat	(TAA)N	1577	39.42	18	199	31.53	NA	NA	NA	NA
Other	Simple_repeat	(TAAA)N	171	34.2	22	47	9.52	NA	NA	NA	NA
Other	Simple_repeat	(TAAC)N	28	28	28	28	NA	NA	NA	NA	NA
Other	Simple_repeat	(TAACAA)N	40	40	40	40	NA	NA	NA	NA	NA
Other	Simple_repeat	(TAACATT)N	36	36	36	36	NA	NA	NA	NA	NA
Other	Simple_repeat	(TAACCA)N	46	46	46	46	NA	NA	NA	NA	NA
Other	Simple_repeat	(TAACCC)N	100	100	100	100	NA	NA	NA	NA	NA
Other	Simple_repeat	(TAACTC)N	114	57	57	57	0	NA	NA	NA	NA
Other	Simple_repeat	(TAACTGG)N	36	36	36	36	NA	NA	NA	NA	NA
Other	Simple_repeat	(TAAGA)N	66	66	66	66	NA	NA	NA	NA	NA
Other	Simple_repeat	(TAAGAT)N	52	52	52	52	NA	NA	NA	NA	NA
Other	Simple_repeat	(TAAT)N	166	41.5	19	62	22.66	NA	NA	NA	NA
Other	Simple_repeat	(TAATA)N	1573	224.71	74	425	154.46	NA	NA	NA	NA
Other	Simple_repeat	(TAATAA)N	58	58	58	58	NA	NA	NA	NA	NA
Other	Simple_repeat	(TAATAC)N	32	32	32	32	NA	NA	NA	NA	NA
Other	Simple_repeat	(TAATAT)N	68	34	34	34	0	NA	NA	NA	NA
Other	Simple_repeat	(TAATATT)N	47	47	47	47	NA	NA	NA	NA	NA
Other	Simple_repeat	(TAATCAG)N	51	51	51	51	NA	NA	NA	NA	NA
Other	Simple_repeat	(TAATGCAT)N	66	66	66	66	NA	NA	NA	NA	NA
Other	Simple_repeat	(TAATGTAGAC)N	52	52	52	52	NA	NA	NA	NA	NA
Other	Simple_repeat	(TAATT)N	221	55.25	36	99	29.53	NA	NA	NA	NA
Other	Simple_repeat	(TAATTGT)N	41	41	41	41	NA	NA	NA	NA	NA
Other	Simple_repeat	(TAC)N	90	30	19	36	9.54	NA	NA	NA	NA
Other	Simple_repeat	(TACA)N	431	35.92	23	70	13.94	NA	NA	NA	NA
Other	Simple_repeat	(TACAA)N	47	47	47	47	NA	NA	NA	NA	NA
Other	Simple_repeat	(TACAAA)N	61	61	61	61	NA	NA	NA	NA	NA
Other	Simple_repeat	(TACAAT)N	53	53	53	53	NA	NA	NA	NA	NA
Other	Simple_repeat	(TACAT)N	233	233	233	233	NA	NA	NA	NA	NA
Other	Simple_repeat	(TACATA)N	48	48	48	48	NA	NA	NA	NA	NA
Other	Simple_repeat	(TACATAT)N	67	67	67	67	NA	NA	NA	NA	NA
Other	Simple_repeat	(TACG)N	50	50	50	50	NA	NA	NA	NA	NA
Other	Simple_repeat	(TACTA)N	192	192	192	192	NA	NA	NA	NA	NA
Other	Simple_repeat	(TACTAA)N	35	35	35	35	NA	NA	NA	NA	NA
Other	Simple_repeat	(TACTGC)N	113	56.5	55	58	2.12	NA	NA	NA	NA
Other	Simple_repeat	(TACTTAC)N	47	47	47	47	NA	NA	NA	NA	NA
Other	Simple_repeat	(TACTTAT)N	40	40	40	40	NA	NA	NA	NA	NA
Other	Simple_repeat	(TACTTC)N	61	61	61	61	NA	NA	NA	NA	NA
Other	Simple_repeat	(TAG)N	153	51	17	90	36.76	NA	NA	NA	NA
Other	Simple_repeat	(TAGA)N	844	211	46	680	312.77	NA	NA	NA	NA
Other	Simple_repeat	(TAGAA)N	79	79	79	79	NA	NA	NA	NA	NA
Other	Simple_repeat	(TAGAACTA)N	43	43	43	43	NA	NA	NA	NA	NA
Other	Simple_repeat	(TAGAATG)N	49	49	49	49	NA	NA	NA	NA	NA
Other	Simple_repeat	(TAGCTTC)N	35	35	35	35	NA	NA	NA	NA	NA
Other	Simple_repeat	(TAGGAGA)N	41	41	41	41	NA	NA	NA	NA	NA
Other	Simple_repeat	(TAGGAT)N	33	33	33	33	NA	NA	NA	NA	NA
Other	Simple_repeat	(TAGT)N	103	103	103	103	NA	NA	NA	NA	NA
Other	Simple_repeat	(TAGTA)N	352	117.33	31	164	74.85	NA	NA	NA	NA
Other	Simple_repeat	(TAGTAA)N	83	41.5	18	65	33.23	NA	NA	NA	NA
Other	Simple_repeat	(TAGTAT)N	34	34	34	34	NA	NA	NA	NA	NA
Other	Simple_repeat	(TAT)N	1039	34.63	17	119	20.17	NA	NA	NA	NA
Other	Simple_repeat	(TATA)N	2040	127.5	29	284	68.49	NA	NA	NA	NA
Other	Simple_repeat	(TATAA)N	35	35	35	35	NA	NA	NA	NA	NA
Other	Simple_repeat	(TATAAA)N	29	29	29	29	NA	NA	NA	NA	NA
Other	Simple_repeat	(TATAATA)N	64	64	64	64	NA	NA	NA	NA	NA
Other	Simple_repeat	(TATAATT)N	41	41	41	41	NA	NA	NA	NA	NA
Other	Simple_repeat	(TATAC)N	911	227.75	35	599	260.89	NA	NA	NA	NA
Other	Simple_repeat	(TATACAG)N	372	372	372	372	NA	NA	NA	NA	NA
Other	Simple_repeat	(TATACATA)N	63	63	63	63	NA	NA	NA	NA	NA
Other	Simple_repeat	(TATAG)N	268	134	54	214	113.14	NA	NA	NA	NA
Other	Simple_repeat	(TATAT)N	1780	197.78	35	715	223.81	NA	NA	NA	NA
Other	Simple_repeat	(TATATA)N	1163	129.22	31	315	86.39	NA	NA	NA	NA
Other	Simple_repeat	(TATATAT)N	177	177	177	177	NA	NA	NA	NA	NA
Other	Simple_repeat	(TATATCT)N	64	64	64	64	NA	NA	NA	NA	NA
Other	Simple_repeat	(TATATG)N	29	29	29	29	NA	NA	NA	NA	NA
Other	Simple_repeat	(TATATT)N	45	22.5	18	27	6.36	NA	NA	NA	NA
Other	Simple_repeat	(TATATTA)N	167	167	167	167	NA	NA	NA	NA	NA
Other	Simple_repeat	(TATATTC)N	58	58	58	58	NA	NA	NA	NA	NA
Other	Simple_repeat	(TATC)N	433	72.17	22	143	49.6	NA	NA	NA	NA
Other	Simple_repeat	(TATCA)N	414	103.5	27	273	114.93	NA	NA	NA	NA
Other	Simple_repeat	(TATCAT)N	42	42	42	42	NA	NA	NA	NA	NA
Other	Simple_repeat	(TATCATA)N	145	145	145	145	NA	NA	NA	NA	NA
Other	Simple_repeat	(TATG)N	694	43.38	22	83	18.27	NA	NA	NA	NA
Other	Simple_repeat	(TATGA)N	693	231	37	464	216.16	NA	NA	NA	NA
Other	Simple_repeat	(TATGAGA)N	43	43	43	43	NA	NA	NA	NA	NA
Other	Simple_repeat	(TATGT)N	100	100	100	100	NA	NA	NA	NA	NA
Other	Simple_repeat	(TATGTA)N	52	52	52	52	NA	NA	NA	NA	NA
Other	Simple_repeat	(TATGTT)N	43	43	43	43	NA	NA	NA	NA	NA
Other	Simple_repeat	(TATT)N	588	34.59	21	81	14	NA	NA	NA	NA
Other	Simple_repeat	(TATTA)N	2488	207.33	50	979	264.1	NA	NA	NA	NA
Other	Simple_repeat	(TATTAA)N	36	36	36	36	NA	NA	NA	NA	NA
Other	Simple_repeat	(TATTAG)N	52	52	52	52	NA	NA	NA	NA	NA
Other	Simple_repeat	(TATTCA)N	46	46	46	46	NA	NA	NA	NA	NA
Other	Simple_repeat	(TATTCT)N	95	95	95	95	NA	NA	NA	NA	NA
Other	Simple_repeat	(TATTG)N	203	50.75	36	82	21.09	NA	NA	NA	NA
Other	Simple_repeat	(TATTT)N	41	41	41	41	NA	NA	NA	NA	NA
Other	Simple_repeat	(TATTTA)N	305	50.83	17	75	21.39	NA	NA	NA	NA
Other	Simple_repeat	(TATTTAC)N	44	44	44	44	NA	NA	NA	NA	NA
Other	Simple_repeat	(TATTTG)N	81	40.5	37	44	4.95	NA	NA	NA	NA
Other	Simple_repeat	(TATTTGC)N	41	41	41	41	NA	NA	NA	NA	NA
Other	Simple_repeat	(TATTTT)N	117	58.5	47	70	16.26	NA	NA	NA	NA
Other	Simple_repeat	(TATTTTC)N	64	64	64	64	NA	NA	NA	NA	NA
Other	Simple_repeat	(TATTTTG)N	49	49	49	49	NA	NA	NA	NA	NA
Other	Simple_repeat	(TC)N	525	43.75	22	106	23.4	NA	NA	NA	NA
Other	Simple_repeat	(TCA)N	2380	64.32	19	287	62.9	NA	NA	NA	NA
Other	Simple_repeat	(TCAA)N	1483	92.69	35	348	85.41	NA	NA	NA	NA
Other	Simple_repeat	(TCAAA)N	235	58.75	34	121	41.88	NA	NA	NA	NA
Other	Simple_repeat	(TCAAATGT)N	67	67	67	67	NA	NA	NA	NA	NA
Other	Simple_repeat	(TCAAC)N	26	26	26	26	NA	NA	NA	NA	NA
Other	Simple_repeat	(TCAAT)N	72	36	36	36	0	NA	NA	NA	NA
Other	Simple_repeat	(TCAATAA)N	53	53	53	53	NA	NA	NA	NA	NA
Other	Simple_repeat	(TCAATTT)N	38	38	38	38	NA	NA	NA	NA	NA
Other	Simple_repeat	(TCAC)N	547	91.17	49	174	46	NA	NA	NA	NA
Other	Simple_repeat	(TCACCTA)N	52	52	52	52	NA	NA	NA	NA	NA
Other	Simple_repeat	(TCACTT)N	73	36.5	35	38	2.12	NA	NA	NA	NA
Other	Simple_repeat	(TCAG)N	380	190	147	233	60.81	NA	NA	NA	NA
Other	Simple_repeat	(TCAGG)N	34	34	34	34	NA	NA	NA	NA	NA
Other	Simple_repeat	(TCAGT)N	26	26	26	26	NA	NA	NA	NA	NA
Other	Simple_repeat	(TCAGTCAG)N	87	87	87	87	NA	NA	NA	NA	NA
Other	Simple_repeat	(TCAT)N	624	69.33	25	145	39.76	NA	NA	NA	NA
Other	Simple_repeat	(TCATA)N	830	207.5	76	473	182.91	NA	NA	NA	NA
Other	Simple_repeat	(TCATAAATCA)N	41	41	41	41	NA	NA	NA	NA	NA
Other	Simple_repeat	(TCATCA)N	768	153.6	40	438	164.19	NA	NA	NA	NA
Other	Simple_repeat	(TCATCAGT)N	86	86	86	86	NA	NA	NA	NA	NA
Other	Simple_repeat	(TCATCC)N	44	44	44	44	NA	NA	NA	NA	NA
Other	Simple_repeat	(TCATCT)N	64	64	64	64	NA	NA	NA	NA	NA
Other	Simple_repeat	(TCATGAG)N	42	42	42	42	NA	NA	NA	NA	NA
Other	Simple_repeat	(TCATGTT)N	36	36	36	36	NA	NA	NA	NA	NA
Other	Simple_repeat	(TCATT)N	224	37.33	26	63	12.99	NA	NA	NA	NA
Other	Simple_repeat	(TCATTA)N	88	88	88	88	NA	NA	NA	NA	NA
Other	Simple_repeat	(TCATTAT)N	39	39	39	39	NA	NA	NA	NA	NA
Other	Simple_repeat	(TCATTC)N	47	47	47	47	NA	NA	NA	NA	NA
Other	Simple_repeat	(TCATTCGCA)N	42	42	42	42	NA	NA	NA	NA	NA
Other	Simple_repeat	(TCATTT)N	122	61	44	78	24.04	NA	NA	NA	NA
Other	Simple_repeat	(TCATTTT)N	40	40	40	40	NA	NA	NA	NA	NA
Other	Simple_repeat	(TCC)N	104	52	45	59	9.9	NA	NA	NA	NA
Other	Simple_repeat	(TCCC)N	81	27	23	29	3.46	NA	NA	NA	NA
Other	Simple_repeat	(TCCGGC)N	67	67	67	67	NA	NA	NA	NA	NA
Other	Simple_repeat	(TCCGT)N	28	28	28	28	NA	NA	NA	NA	NA
Other	Simple_repeat	(TCCTA)N	108	108	108	108	NA	NA	NA	NA	NA
Other	Simple_repeat	(TCCTCG)N	35	35	35	35	NA	NA	NA	NA	NA
Other	Simple_repeat	(TCCTCT)N	72	36	31	41	7.07	NA	NA	NA	NA
Other	Simple_repeat	(TCG)N	163	40.75	17	69	21.48	NA	NA	NA	NA
Other	Simple_repeat	(TCGACT)N	77	38.5	32	45	9.19	NA	NA	NA	NA
Other	Simple_repeat	(TCGAT)N	28	28	28	28	NA	NA	NA	NA	NA
Other	Simple_repeat	(TCGCATT)N	37	37	37	37	NA	NA	NA	NA	NA
Other	Simple_repeat	(TCGGA)N	25	25	25	25	NA	NA	NA	NA	NA
Other	Simple_repeat	(TCGT)N	85	85	85	85	NA	NA	NA	NA	NA
Other	Simple_repeat	(TCGTCG)N	92	92	92	92	NA	NA	NA	NA	NA
Other	Simple_repeat	(TCGTCT)N	27	27	27	27	NA	NA	NA	NA	NA
Other	Simple_repeat	(TCT)N	478	36.77	19	91	18.49	NA	NA	NA	NA
Other	Simple_repeat	(TCTA)N	156	39	22	53	12.78	NA	NA	NA	NA
Other	Simple_repeat	(TCTACTT)N	63	63	63	63	NA	NA	NA	NA	NA
Other	Simple_repeat	(TCTAGA)N	64	32	32	32	0	NA	NA	NA	NA
Other	Simple_repeat	(TCTC)N	105	105	105	105	NA	NA	NA	NA	NA
Other	Simple_repeat	(TCTCC)N	47	47	47	47	NA	NA	NA	NA	NA
Other	Simple_repeat	(TCTCCT)N	53	53	53	53	NA	NA	NA	NA	NA
Other	Simple_repeat	(TCTCT)N	42	42	42	42	NA	NA	NA	NA	NA
Other	Simple_repeat	(TCTCTA)N	97	97	97	97	NA	NA	NA	NA	NA
Other	Simple_repeat	(TCTCTC)N	102	102	102	102	NA	NA	NA	NA	NA
Other	Simple_repeat	(TCTCTCT)N	39	39	39	39	NA	NA	NA	NA	NA
Other	Simple_repeat	(TCTG)N	583	53	20	72	19.35	NA	NA	NA	NA
Other	Simple_repeat	(TCTGCATCT)N	53	53	53	53	NA	NA	NA	NA	NA
Other	Simple_repeat	(TCTGTAT)N	43	43	43	43	NA	NA	NA	NA	NA
Other	Simple_repeat	(TCTGTCA)N	71	71	71	71	NA	NA	NA	NA	NA
Other	Simple_repeat	(TCTT)N	239	79.67	39	123	42.06	NA	NA	NA	NA
Other	Simple_repeat	(TCTTA)N	27	27	27	27	NA	NA	NA	NA	NA
Other	Simple_repeat	(TCTTC)N	125	41.67	40	45	2.89	NA	NA	NA	NA
Other	Simple_repeat	(TCTTCA)N	186	93	66	120	38.18	NA	NA	NA	NA
Other	Simple_repeat	(TCTTCTC)N	73	73	73	73	NA	NA	NA	NA	NA
Other	Simple_repeat	(TCTTT)N	80	40	39	41	1.41	NA	NA	NA	NA
Other	Simple_repeat	(TCTTTGT)N	36	36	36	36	NA	NA	NA	NA	NA
Other	Simple_repeat	(TG)N	1254	46.44	17	261	47.46	NA	NA	NA	NA
Other	Simple_repeat	(TGA)N	2125	64.39	18	215	47.73	NA	NA	NA	NA
Other	Simple_repeat	(TGAA)N	2684	149.11	24	417	133.64	NA	NA	NA	NA
Other	Simple_repeat	(TGAAA)N	28	28	28	28	NA	NA	NA	NA	NA
Other	Simple_repeat	(TGAAAC)N	36	36	36	36	NA	NA	NA	NA	NA
Other	Simple_repeat	(TGAAAT)N	36	36	36	36	NA	NA	NA	NA	NA
Other	Simple_repeat	(TGAAC)N	161	32.2	26	39	4.6	NA	NA	NA	NA
Other	Simple_repeat	(TGAACA)N	43	43	43	43	NA	NA	NA	NA	NA
Other	Simple_repeat	(TGAACTA)N	90	90	90	90	NA	NA	NA	NA	NA
Other	Simple_repeat	(TGAAT)N	69	69	69	69	NA	NA	NA	NA	NA
Other	Simple_repeat	(TGAC)N	42	42	42	42	NA	NA	NA	NA	NA
Other	Simple_repeat	(TGACAAT)N	33	33	33	33	NA	NA	NA	NA	NA
Other	Simple_repeat	(TGACACCTA)N	47	47	47	47	NA	NA	NA	NA	NA
Other	Simple_repeat	(TGACATGAAC)N	87	87	87	87	NA	NA	NA	NA	NA
Other	Simple_repeat	(TGACGG)N	96	96	96	96	NA	NA	NA	NA	NA
Other	Simple_repeat	(TGAG)N	1125	225	66	415	155.48	NA	NA	NA	NA
Other	Simple_repeat	(TGAGAT)N	96	96	96	96	NA	NA	NA	NA	NA
Other	Simple_repeat	(TGAGTG)N	29	29	29	29	NA	NA	NA	NA	NA
Other	Simple_repeat	(TGAT)N	2190	121.67	21	526	142.05	NA	NA	NA	NA
Other	Simple_repeat	(TGATA)N	354	70.8	26	171	58.44	NA	NA	NA	NA
Other	Simple_repeat	(TGATAA)N	34	34	34	34	NA	NA	NA	NA	NA
Other	Simple_repeat	(TGATAG)N	65	65	65	65	NA	NA	NA	NA	NA
Other	Simple_repeat	(TGATAT)N	204	34	34	34	0	NA	NA	NA	NA
Other	Simple_repeat	(TGATATA)N	199	199	199	199	NA	NA	NA	NA	NA
Other	Simple_repeat	(TGATCAT)N	45	45	45	45	NA	NA	NA	NA	NA
Other	Simple_repeat	(TGATCG)N	23	23	23	23	NA	NA	NA	NA	NA
Other	Simple_repeat	(TGATG)N	65	65	65	65	NA	NA	NA	NA	NA
Other	Simple_repeat	(TGATGA)N	120	60	34	86	36.77	NA	NA	NA	NA
Other	Simple_repeat	(TGATGG)N	65	65	65	65	NA	NA	NA	NA	NA
Other	Simple_repeat	(TGATGTC)N	37	37	37	37	NA	NA	NA	NA	NA
Other	Simple_repeat	(TGATTA)N	105	52.5	36	69	23.33	NA	NA	NA	NA
Other	Simple_repeat	(TGATTGAT)N	56	56	56	56	NA	NA	NA	NA	NA
Other	Simple_repeat	(TGC)N	125	41.67	17	65	24.03	NA	NA	NA	NA
Other	Simple_repeat	(TGCAA)N	34	34	34	34	NA	NA	NA	NA	NA
Other	Simple_repeat	(TGCAAT)N	43	43	43	43	NA	NA	NA	NA	NA
Other	Simple_repeat	(TGCAATG)N	53	53	53	53	NA	NA	NA	NA	NA
Other	Simple_repeat	(TGCATA)N	67	67	67	67	NA	NA	NA	NA	NA
Other	Simple_repeat	(TGCATTG)N	37	37	37	37	NA	NA	NA	NA	NA
Other	Simple_repeat	(TGCT)N	35	35	35	35	NA	NA	NA	NA	NA
Other	Simple_repeat	(TGCTA)N	42	42	42	42	NA	NA	NA	NA	NA
Other	Simple_repeat	(TGCTATA)N	56	56	56	56	NA	NA	NA	NA	NA
Other	Simple_repeat	(TGCTCGATGC)N	55	55	55	55	NA	NA	NA	NA	NA
Other	Simple_repeat	(TGCTGCCTCA)N	51	51	51	51	NA	NA	NA	NA	NA
Other	Simple_repeat	(TGCTTC)N	252	84	36	168	72.99	NA	NA	NA	NA
Other	Simple_repeat	(TGG)N	602	43	22	74	15.03	NA	NA	NA	NA
Other	Simple_repeat	(TGGA)N	506	506	506	506	NA	NA	NA	NA	NA
Other	Simple_repeat	(TGGAGG)N	52	52	52	52	NA	NA	NA	NA	NA
Other	Simple_repeat	(TGGCG)N	68	68	68	68	NA	NA	NA	NA	NA
Other	Simple_repeat	(TGGTTA)N	67	67	67	67	NA	NA	NA	NA	NA
Other	Simple_repeat	(TGT)N	732	34.86	18	79	15.1	NA	NA	NA	NA
Other	Simple_repeat	(TGTA)N	486	48.6	23	108	24.51	NA	NA	NA	NA
Other	Simple_repeat	(TGTAA)N	62	62	62	62	NA	NA	NA	NA	NA
Other	Simple_repeat	(TGTAAT)N	38	38	38	38	NA	NA	NA	NA	NA
Other	Simple_repeat	(TGTAATT)N	46	46	46	46	NA	NA	NA	NA	NA
Other	Simple_repeat	(TGTAC)N	452	452	452	452	NA	NA	NA	NA	NA
Other	Simple_repeat	(TGTAT)N	97	32.33	27	43	9.24	NA	NA	NA	NA
Other	Simple_repeat	(TGTATA)N	39	39	39	39	NA	NA	NA	NA	NA
Other	Simple_repeat	(TGTC)N	27	27	27	27	NA	NA	NA	NA	NA
Other	Simple_repeat	(TGTCAC)N	39	39	39	39	NA	NA	NA	NA	NA
Other	Simple_repeat	(TGTGT)N	335	167.5	97	238	99.7	NA	NA	NA	NA
Other	Simple_repeat	(TGTT)N	50	50	50	50	NA	NA	NA	NA	NA
Other	Simple_repeat	(TGTTA)N	77	38.5	37	40	2.12	NA	NA	NA	NA
Other	Simple_repeat	(TGTTGC)N	92	46	43	49	4.24	NA	NA	NA	NA
Other	Simple_repeat	(TGTTTT)N	42	42	42	42	NA	NA	NA	NA	NA
Other	Simple_repeat	(TGTTTTA)N	90	45	40	50	7.07	NA	NA	NA	NA
Other	Simple_repeat	(TTA)N	1161	32.25	17	66	12.45	NA	NA	NA	NA
Other	Simple_repeat	(TTAA)N	128	42.67	32	59	14.36	NA	NA	NA	NA
Other	Simple_repeat	(TTAACAC)N	58	58	58	58	NA	NA	NA	NA	NA
Other	Simple_repeat	(TTAATTA)N	37	37	37	37	NA	NA	NA	NA	NA
Other	Simple_repeat	(TTACAA)N	32	32	32	32	NA	NA	NA	NA	NA
Other	Simple_repeat	(TTACGG)N	29	29	29	29	NA	NA	NA	NA	NA
Other	Simple_repeat	(TTACT)N	28	28	28	28	NA	NA	NA	NA	NA
Other	Simple_repeat	(TTACTT)N	40	40	40	40	NA	NA	NA	NA	NA
Other	Simple_repeat	(TTAG)N	52	52	52	52	NA	NA	NA	NA	NA
Other	Simple_repeat	(TTAGTT)N	35	35	35	35	NA	NA	NA	NA	NA
Other	Simple_repeat	(TTAT)N	595	39.67	19	63	12.15	NA	NA	NA	NA
Other	Simple_repeat	(TTATA)N	426	213	129	297	118.79	NA	NA	NA	NA
Other	Simple_repeat	(TTATAAC)N	124	62	60	64	2.83	NA	NA	NA	NA
Other	Simple_repeat	(TTATAACT)N	50	50	50	50	NA	NA	NA	NA	NA
Other	Simple_repeat	(TTATAT)N	64	32	8	56	33.94	NA	NA	NA	NA
Other	Simple_repeat	(TTATATA)N	120	40	33	48	7.55	NA	NA	NA	NA
Other	Simple_repeat	(TTATCA)N	71	35.5	34	37	2.12	NA	NA	NA	NA
Other	Simple_repeat	(TTATG)N	173	43.25	33	66	15.37	NA	NA	NA	NA
Other	Simple_repeat	(TTATT)N	363	51.86	28	136	38.33	NA	NA	NA	NA
Other	Simple_repeat	(TTATTC)N	43	43	43	43	NA	NA	NA	NA	NA
Other	Simple_repeat	(TTATTGA)N	130	65	65	65	0	NA	NA	NA	NA
Other	Simple_repeat	(TTATTTG)N	61	61	61	61	NA	NA	NA	NA	NA
Other	Simple_repeat	(TTC)N	471	33.64	21	62	13.08	NA	NA	NA	NA
Other	Simple_repeat	(TTCA)N	1162	129.11	29	394	128.53	NA	NA	NA	NA
Other	Simple_repeat	(TTCAA)N	245	40.83	36	48	4.22	NA	NA	NA	NA
Other	Simple_repeat	(TTCAAC)N	181	60.33	39	103	36.95	NA	NA	NA	NA
Other	Simple_repeat	(TTCAACT)N	41	41	41	41	NA	NA	NA	NA	NA
Other	Simple_repeat	(TTCAAG)N	45	45	45	45	NA	NA	NA	NA	NA
Other	Simple_repeat	(TTCAAT)N	84	42	32	52	14.14	NA	NA	NA	NA
Other	Simple_repeat	(TTCAC)N	25	25	25	25	NA	NA	NA	NA	NA
Other	Simple_repeat	(TTCACGC)N	66	66	66	66	NA	NA	NA	NA	NA
Other	Simple_repeat	(TTCACT)N	52	52	52	52	NA	NA	NA	NA	NA
Other	Simple_repeat	(TTCAG)N	32	32	32	32	NA	NA	NA	NA	NA
Other	Simple_repeat	(TTCAT)N	294	36.75	26	61	11.23	NA	NA	NA	NA
Other	Simple_repeat	(TTCATA)N	49	49	49	49	NA	NA	NA	NA	NA
Other	Simple_repeat	(TTCATAAATC)N	79	79	79	79	NA	NA	NA	NA	NA
Other	Simple_repeat	(TTCATAT)N	39	39	39	39	NA	NA	NA	NA	NA
Other	Simple_repeat	(TTCATATAC)N	45	45	45	45	NA	NA	NA	NA	NA
Other	Simple_repeat	(TTCATC)N	47	47	47	47	NA	NA	NA	NA	NA
Other	Simple_repeat	(TTCATCC)N	316	316	316	316	NA	NA	NA	NA	NA
Other	Simple_repeat	(TTCATTCAT)N	257	257	257	257	NA	NA	NA	NA	NA
Other	Simple_repeat	(TTCATTT)N	48	48	48	48	NA	NA	NA	NA	NA
Other	Simple_repeat	(TTCCA)N	44	44	44	44	NA	NA	NA	NA	NA
Other	Simple_repeat	(TTCCCCC)N	204	102	47	157	77.78	NA	NA	NA	NA
Other	Simple_repeat	(TTCCTGACTA)N	49	49	49	49	NA	NA	NA	NA	NA
Other	Simple_repeat	(TTCCTT)N	33	33	33	33	NA	NA	NA	NA	NA
Other	Simple_repeat	(TTCGGAT)N	34	34	34	34	NA	NA	NA	NA	NA
Other	Simple_repeat	(TTCGTGCATA)N	44	44	44	44	NA	NA	NA	NA	NA
Other	Simple_repeat	(TTCT)N	279	46.5	31	66	12.42	NA	NA	NA	NA
Other	Simple_repeat	(TTCTA)N	24	24	24	24	NA	NA	NA	NA	NA
Other	Simple_repeat	(TTCTATA)N	36	36	36	36	NA	NA	NA	NA	NA
Other	Simple_repeat	(TTCTCC)N	32	32	32	32	NA	NA	NA	NA	NA
Other	Simple_repeat	(TTCTCTT)N	100	50	47	53	4.24	NA	NA	NA	NA
Other	Simple_repeat	(TTCTG)N	54	27	27	27	0	NA	NA	NA	NA
Other	Simple_repeat	(TTCTT)N	29	29	29	29	NA	NA	NA	NA	NA
Other	Simple_repeat	(TTCTTCT)N	89	89	89	89	NA	NA	NA	NA	NA
Other	Simple_repeat	(TTCTTT)N	112	56	49	63	9.9	NA	NA	NA	NA
Other	Simple_repeat	(TTCTTTC)N	60	60	60	60	NA	NA	NA	NA	NA
Other	Simple_repeat	(TTCTTTG)N	75	75	75	75	NA	NA	NA	NA	NA
Other	Simple_repeat	(TTG)N	1062	34.26	14	84	15.64	NA	NA	NA	NA
Other	Simple_repeat	(TTGA)N	769	85.44	22	200	57.5	NA	NA	NA	NA
Other	Simple_repeat	(TTGAA)N	167	33.4	25	41	6.35	NA	NA	NA	NA
Other	Simple_repeat	(TTGAAT)N	305	152.5	48	257	147.79	NA	NA	NA	NA
Other	Simple_repeat	(TTGACCT)N	65	65	65	65	NA	NA	NA	NA	NA
Other	Simple_repeat	(TTGACT)N	31	31	31	31	NA	NA	NA	NA	NA
Other	Simple_repeat	(TTGAT)N	192	64	51	71	11.27	NA	NA	NA	NA
Other	Simple_repeat	(TTGATG)N	50	50	50	50	NA	NA	NA	NA	NA
Other	Simple_repeat	(TTGATTG)N	39	39	39	39	NA	NA	NA	NA	NA
Other	Simple_repeat	(TTGC)N	29	29	29	29	NA	NA	NA	NA	NA
Other	Simple_repeat	(TTGCCTT)N	42	42	42	42	NA	NA	NA	NA	NA
Other	Simple_repeat	(TTGCTCC)N	43	43	43	43	NA	NA	NA	NA	NA
Other	Simple_repeat	(TTGCTG)N	32	32	32	32	NA	NA	NA	NA	NA
Other	Simple_repeat	(TTGG)N	154	154	154	154	NA	NA	NA	NA	NA
Other	Simple_repeat	(TTGGAG)N	37	37	37	37	NA	NA	NA	NA	NA
Other	Simple_repeat	(TTGGAT)N	37	37	37	37	NA	NA	NA	NA	NA
Other	Simple_repeat	(TTGT)N	67	33.5	25	42	12.02	NA	NA	NA	NA
Other	Simple_repeat	(TTGTA)N	95	47.5	47	48	0.71	NA	NA	NA	NA
Other	Simple_repeat	(TTGTAA)N	39	39	39	39	NA	NA	NA	NA	NA
Other	Simple_repeat	(TTGTAAT)N	38	38	38	38	NA	NA	NA	NA	NA
Other	Simple_repeat	(TTGTAT)N	57	57	57	57	NA	NA	NA	NA	NA
Other	Simple_repeat	(TTGTATT)N	59	59	59	59	NA	NA	NA	NA	NA
Other	Simple_repeat	(TTGTCGAGCG)N	81	81	81	81	NA	NA	NA	NA	NA
Other	Simple_repeat	(TTGTT)N	27	27	27	27	NA	NA	NA	NA	NA
Other	Simple_repeat	(TTGTTA)N	29	29	29	29	NA	NA	NA	NA	NA
Other	Simple_repeat	(TTGTTCT)N	47	47	47	47	NA	NA	NA	NA	NA
Other	Simple_repeat	(TTTA)N	953	47.65	22	114	22.24	NA	NA	NA	NA
Other	Simple_repeat	(TTTAAG)N	34	34	34	34	NA	NA	NA	NA	NA
Other	Simple_repeat	(TTTACA)N	55	55	55	55	NA	NA	NA	NA	NA
Other	Simple_repeat	(TTTACCC)N	59	59	59	59	NA	NA	NA	NA	NA
Other	Simple_repeat	(TTTAGTT)N	36	36	36	36	NA	NA	NA	NA	NA
Other	Simple_repeat	(TTTAT)N	162	54	35	67	16.82	NA	NA	NA	NA
Other	Simple_repeat	(TTTATA)N	99	33	32	35	1.73	NA	NA	NA	NA
Other	Simple_repeat	(TTTATAT)N	72	72	72	72	NA	NA	NA	NA	NA
Other	Simple_repeat	(TTTATCA)N	36	36	36	36	NA	NA	NA	NA	NA
Other	Simple_repeat	(TTTATT)N	122	40.67	36	50	8.08	NA	NA	NA	NA
Other	Simple_repeat	(TTTATTGA)N	43	43	43	43	NA	NA	NA	NA	NA
Other	Simple_repeat	(TTTC)N	469	78.17	24	193	60.88	NA	NA	NA	NA
Other	Simple_repeat	(TTTCA)N	721	40.06	25	68	11.38	NA	NA	NA	NA
Other	Simple_repeat	(TTTCAA)N	213	53.25	37	65	14.06	NA	NA	NA	NA
Other	Simple_repeat	(TTTCAAT)N	35	35	35	35	NA	NA	NA	NA	NA
Other	Simple_repeat	(TTTCAG)N	46	46	46	46	NA	NA	NA	NA	NA
Other	Simple_repeat	(TTTCAT)N	142	47.33	42	55	6.81	NA	NA	NA	NA
Other	Simple_repeat	(TTTCC)N	74	74	74	74	NA	NA	NA	NA	NA
Other	Simple_repeat	(TTTCCT)N	88	44	39	49	7.07	NA	NA	NA	NA
Other	Simple_repeat	(TTTCGA)N	32	32	32	32	NA	NA	NA	NA	NA
Other	Simple_repeat	(TTTCT)N	37	37	37	37	NA	NA	NA	NA	NA
Other	Simple_repeat	(TTTCTA)N	64	64	64	64	NA	NA	NA	NA	NA
Other	Simple_repeat	(TTTCTC)N	51	51	51	51	NA	NA	NA	NA	NA
Other	Simple_repeat	(TTTCTTA)N	81	40.5	37	44	4.95	NA	NA	NA	NA
Other	Simple_repeat	(TTTG)N	110	36.67	25	53	14.57	NA	NA	NA	NA
Other	Simple_repeat	(TTTGA)N	345	57.5	44	76	12.93	NA	NA	NA	NA
Other	Simple_repeat	(TTTGAA)N	40	40	40	40	NA	NA	NA	NA	NA
Other	Simple_repeat	(TTTGAAGA)N	46	46	46	46	NA	NA	NA	NA	NA
Other	Simple_repeat	(TTTGATG)N	178	178	178	178	NA	NA	NA	NA	NA
Other	Simple_repeat	(TTTGC)N	77	38.5	37	40	2.12	NA	NA	NA	NA
Other	Simple_repeat	(TTTGGA)N	35	35	35	35	NA	NA	NA	NA	NA
Other	Simple_repeat	(TTTGT)N	75	37.5	26	49	16.26	NA	NA	NA	NA
Other	Simple_repeat	(TTTGTAA)N	59	59	59	59	NA	NA	NA	NA	NA
Other	Simple_repeat	(TTTGTAT)N	65	65	65	65	NA	NA	NA	NA	NA
Other	Simple_repeat	(TTTGTT)N	52	52	52	52	NA	NA	NA	NA	NA
Other	Simple_repeat	(TTTGTTG)N	36	36	36	36	NA	NA	NA	NA	NA
Other	Simple_repeat	(TTTTA)N	308	44	27	79	16.45	NA	NA	NA	NA
Other	Simple_repeat	(TTTTAA)N	138	46	34	70	20.78	NA	NA	NA	NA
Other	Simple_repeat	(TTTTAAT)N	40	40	40	40	NA	NA	NA	NA	NA
Other	Simple_repeat	(TTTTAT)N	77	38.5	32	45	9.19	NA	NA	NA	NA
Other	Simple_repeat	(TTTTATTATG)N	54	54	54	54	NA	NA	NA	NA	NA
Other	Simple_repeat	(TTTTC)N	179	59.67	48	69	10.69	NA	NA	NA	NA
Other	Simple_repeat	(TTTTCAT)N	40	40	40	40	NA	NA	NA	NA	NA
Other	Simple_repeat	(TTTTCC)N	84	42	37	47	7.07	NA	NA	NA	NA
Other	Simple_repeat	(TTTTCCAGG)N	77	38.5	38	39	0.71	NA	NA	NA	NA
Other	Simple_repeat	(TTTTCT)N	62	62	62	62	NA	NA	NA	NA	NA
Other	Simple_repeat	(TTTTCTA)N	38	38	38	38	NA	NA	NA	NA	NA
Other	Simple_repeat	(TTTTCTT)N	89	44.5	36	53	12.02	NA	NA	NA	NA
Other	Simple_repeat	(TTTTG)N	88	44	32	56	16.97	NA	NA	NA	NA
Other	Simple_repeat	(TTTTGA)N	79	39.5	33	46	9.19	NA	NA	NA	NA
Other	Simple_repeat	(TTTTGAA)N	34	34	34	34	NA	NA	NA	NA	NA
Other	Simple_repeat	(TTTTGAC)N	47	47	47	47	NA	NA	NA	NA	NA
Other	Simple_repeat	(TTTTGCA)N	37	37	37	37	NA	NA	NA	NA	NA
Other	Simple_repeat	(TTTTGT)N	32	32	32	32	NA	NA	NA	NA	NA
Other	Simple_repeat	(TTTTTAA)N	38	38	38	38	NA	NA	NA	NA	NA
Other	Simple_repeat	(TTTTTAT)N	90	45	43	47	2.83	NA	NA	NA	NA
Other	Simple_repeat	(TTTTTC)N	37	37	37	37	NA	NA	NA	NA	NA
Other	Simple_repeat	(TTTTTCC)N	39	39	39	39	NA	NA	NA	NA	NA
Other	Simple_repeat	(TTTTTG)N	35	35	35	35	NA	NA	NA	NA	NA
Other	Simple_repeat	(TTTTTGC)N	39	39	39	39	NA	NA	NA	NA	NA
Other	Simple_repeat	(TTTTTTA)N	59	59	59	59	NA	NA	NA	NA	NA
PLE	Hydra	RND-1_FAMILY-204	3039	379.88	47	2130	712.57	NA	NA	NA	NA
PLE	Hydra	RND-1_FAMILY-520	6094	253.92	38	469	132.35	NA	NA	NA	NA
PLE	Hydra	RND-1_FAMILY-85	3000	130.43	45	288	85.44	NA	NA	NA	NA
PLE	Penelope	RND-1_FAMILY-101	54085	807.24	43	3291	810.12	NA	NA	NA	NA
PLE	Penelope	RND-1_FAMILY-154	15178	316.21	12	1070	210.03	NA	NA	NA	NA
PLE	Penelope	RND-1_FAMILY-163	6389	319.45	31	1009	299.22	NA	NA	NA	NA
PLE	Penelope	RND-1_FAMILY-20	11073	316.37	35	2013	379.49	NA	NA	NA	NA
PLE	Penelope	RND-1_FAMILY-24	9018	360.72	49	1162	371.24	NA	NA	NA	NA
PLE	Penelope	RND-1_FAMILY-285	10749	158.07	11	1125	213.32	NA	NA	NA	NA
PLE	Penelope	RND-1_FAMILY-31	16616	437.26	70	1585	294.17	NA	NA	NA	NA
PLE	Penelope	RND-1_FAMILY-356	14222	526.74	43	3310	814.95	NA	NA	NA	NA
PLE	Penelope	RND-1_FAMILY-413	7682	320.08	36	947	287.06	NA	NA	NA	NA
PLE	Penelope	RND-1_FAMILY-469	9263	250.35	51	648	161.34	NA	NA	NA	NA
PLE	Penelope	RND-1_FAMILY-525	43404	297.29	13	1653	384.06	NA	NA	NA	NA
PLE	Penelope	RND-1_FAMILY-528	18950	526.39	43	2192	661.46	NA	NA	NA	NA
PLE	Penelope	RND-1_FAMILY-531	7432	309.67	35	832	233.72	NA	NA	NA	NA
PLE	Penelope	RND-1_FAMILY-570	1495	124.58	36	268	62.91	NA	NA	NA	NA
PLE	Penelope	RND-1_FAMILY-626	3013	215.21	44	971	258.02	NA	NA	NA	NA
PLE	Penelope	RND-1_FAMILY-65	44989	569.48	63	3134	578.58	NA	NA	NA	NA
PLE	Penelope	RND-1_FAMILY-8	12366	309.15	13	1796	380.37	NA	NA	NA	NA
PLE	Penelope	RND-1_FAMILY-87	5303	311.94	46	1080	336.69	NA	NA	NA	NA
PLE	Penelope	RND-3_FAMILY-68	12162	238.47	15	868	219.99	NA	NA	NA	NA
SINE	5S	RND-1_FAMILY-33	29451	197.66	34	281	64.69	NA	NA	NA	NA
SINE	ID	RND-1_FAMILY-93	17520	240	30	414	76.29	NA	NA	NA	NA
Unknown	Unknown	RND-1_FAMILY-0	8959	255.97	31	1042	187.18	NA	NA	NA	NA
Unknown	Unknown	RND-1_FAMILY-10	36854	166.01	31	1218	101.91	NA	NA	NA	NA
Unknown	Unknown	RND-1_FAMILY-100	25859	311.55	55	424	104.44	NA	NA	NA	NA
Unknown	Unknown	RND-1_FAMILY-102	3679	167.23	55	345	98.45	NA	NA	NA	NA
Unknown	Unknown	RND-1_FAMILY-103	23925	299.06	16	443	141.32	NA	NA	NA	NA
Unknown	Unknown	RND-1_FAMILY-104	12932	349.51	16	1952	547.46	NA	NA	NA	NA
Unknown	Unknown	RND-1_FAMILY-106	3591	199.5	16	685	169.45	NA	NA	NA	NA
Unknown	Unknown	RND-1_FAMILY-107	6373	144.84	12	314	68.4	NA	NA	NA	NA
Unknown	Unknown	RND-1_FAMILY-108	10044	401.76	17	1489	521.26	NA	NA	NA	NA
Unknown	Unknown	RND-1_FAMILY-11	69928	313.58	27	787	183.09	NA	NA	NA	NA
Unknown	Unknown	RND-1_FAMILY-110	12110	155.26	35	205	50.59	NA	NA	NA	NA
Unknown	Unknown	RND-1_FAMILY-111	20862	386.33	17	1003	177.14	NA	NA	NA	NA
Unknown	Unknown	RND-1_FAMILY-112	5994	374.62	83	1007	339.25	NA	NA	NA	NA
Unknown	Unknown	RND-1_FAMILY-113	18410	227.28	13	536	147.3	NA	NA	NA	NA
Unknown	Unknown	RND-1_FAMILY-114	12513	320.85	21	1777	402.2	NA	NA	NA	NA
Unknown	Unknown	RND-1_FAMILY-115	24026	375.41	30	2059	447.18	NA	NA	NA	NA
Unknown	Unknown	RND-1_FAMILY-116	8094	224.83	54	319	67.45	NA	NA	NA	NA
Unknown	Unknown	RND-1_FAMILY-117	1969	115.82	17	1097	254.79	NA	NA	NA	NA
Unknown	Unknown	RND-1_FAMILY-119	6830	252.96	49	674	199.15	NA	NA	NA	NA
Unknown	Unknown	RND-1_FAMILY-12	76194	299.98	33	454	115	NA	NA	NA	NA
Unknown	Unknown	RND-1_FAMILY-122	18632	230.02	39	386	98.88	NA	NA	NA	NA
Unknown	Unknown	RND-1_FAMILY-123	5307	176.9	13	421	128.96	NA	NA	NA	NA
Unknown	Unknown	RND-1_FAMILY-124	9904	247.6	44	1270	211.7	NA	NA	NA	NA
Unknown	Unknown	RND-1_FAMILY-126	15239	293.06	52	592	116.04	NA	NA	NA	NA
Unknown	Unknown	RND-1_FAMILY-127	8344	181.39	53	427	106.37	NA	NA	NA	NA
Unknown	Unknown	RND-1_FAMILY-128	94085	990.37	52	2844	746.59	NA	NA	NA	NA
Unknown	Unknown	RND-1_FAMILY-129	11149	318.54	12	412	107.45	NA	NA	NA	NA
Unknown	Unknown	RND-1_FAMILY-13	59005	239.86	37	469	103.49	NA	NA	NA	NA
Unknown	Unknown	RND-1_FAMILY-130	9919	300.58	36	1305	352.03	NA	NA	NA	NA
Unknown	Unknown	RND-1_FAMILY-131	12380	149.16	23	284	65.96	NA	NA	NA	NA
Unknown	Unknown	RND-1_FAMILY-132	13973	181.47	15	271	70.15	NA	NA	NA	NA
Unknown	Unknown	RND-1_FAMILY-133	12440	168.11	52	212	53.39	NA	NA	NA	NA
Unknown	Unknown	RND-1_FAMILY-134	26454	377.91	57	559	168.02	NA	NA	NA	NA
Unknown	Unknown	RND-1_FAMILY-137	59304	1520.62	28	10644	2486.89	NA	NA	NA	NA
Unknown	Unknown	RND-1_FAMILY-139	15255	234.69	51	442	133.71	NA	NA	NA	NA
Unknown	Unknown	RND-1_FAMILY-14	42415	240.99	23	531	116.33	NA	NA	NA	NA
Unknown	Unknown	RND-1_FAMILY-140	16335	355.11	39	1999	457.14	NA	NA	NA	NA
Unknown	Unknown	RND-1_FAMILY-141	5215	162.97	43	403	112.25	NA	NA	NA	NA
Unknown	Unknown	RND-1_FAMILY-142	2839	149.42	12	392	96.96	NA	NA	NA	NA
Unknown	Unknown	RND-1_FAMILY-143	7388	230.88	44	639	160.04	NA	NA	NA	NA
Unknown	Unknown	RND-1_FAMILY-144	3968	158.72	17	444	106.65	NA	NA	NA	NA
Unknown	Unknown	RND-1_FAMILY-145	8068	164.65	55	288	57.96	NA	NA	NA	NA
Unknown	Unknown	RND-1_FAMILY-146	17586	303.21	38	639	182.44	NA	NA	NA	NA
Unknown	Unknown	RND-1_FAMILY-147	10092	190.42	36	315	53.71	NA	NA	NA	NA
Unknown	Unknown	RND-1_FAMILY-149	11454	194.14	71	239	46.2	NA	NA	NA	NA
Unknown	Unknown	RND-1_FAMILY-150	3074	180.82	36	384	100.6	NA	NA	NA	NA
Unknown	Unknown	RND-1_FAMILY-151	9127	157.36	52	394	50.68	NA	NA	NA	NA
Unknown	Unknown	RND-1_FAMILY-152	7366	133.93	50	520	101.8	NA	NA	NA	NA
Unknown	Unknown	RND-1_FAMILY-153	3901	195.05	32	276	75.87	NA	NA	NA	NA
Unknown	Unknown	RND-1_FAMILY-155	7904	292.74	48	1000	221.65	NA	NA	NA	NA
Unknown	Unknown	RND-1_FAMILY-156	11653	264.84	21	639	187.09	NA	NA	NA	NA
Unknown	Unknown	RND-1_FAMILY-157	23909	1258.37	14	6775	2028.64	NA	NA	NA	NA
Unknown	Unknown	RND-1_FAMILY-158	16709	388.58	38	1235	295.09	NA	NA	NA	NA
Unknown	Unknown	RND-1_FAMILY-159	5538	240.78	35	408	109.36	NA	NA	NA	NA
Unknown	Unknown	RND-1_FAMILY-16	20333	132.03	36	352	41.36	NA	NA	NA	NA
Unknown	Unknown	RND-1_FAMILY-161	2299	79.28	35	247	56.69	NA	NA	NA	NA
Unknown	Unknown	RND-1_FAMILY-162	15132	336.27	27	1167	270.07	NA	NA	NA	NA
Unknown	Unknown	RND-1_FAMILY-164	8676	129.49	50	255	67.19	NA	NA	NA	NA
Unknown	Unknown	RND-1_FAMILY-165	11510	267.67	14	1042	255.77	NA	NA	NA	NA
Unknown	Unknown	RND-1_FAMILY-166	29027	136.92	20	356	67.33	NA	NA	NA	NA
Unknown	Unknown	RND-1_FAMILY-167	8020	143.21	30	184	45.74	NA	NA	NA	NA
Unknown	Unknown	RND-1_FAMILY-168	6093	553.91	48	2345	649.66	NA	NA	NA	NA
Unknown	Unknown	RND-1_FAMILY-169	1093	1093	1093	1093	NA	NA	NA	NA	NA
Unknown	Unknown	RND-1_FAMILY-170	4174	94.86	28	523	142.25	NA	NA	NA	NA
Unknown	Unknown	RND-1_FAMILY-173	5154	156.18	63	220	50.98	NA	NA	NA	NA
Unknown	Unknown	RND-1_FAMILY-174	3115	519.17	75	1312	616.45	NA	NA	NA	NA
Unknown	Unknown	RND-1_FAMILY-175	26769	262.44	39	397	120.37	NA	NA	NA	NA
Unknown	Unknown	RND-1_FAMILY-176	6170	342.78	129	960	257.39	NA	NA	NA	NA
Unknown	Unknown	RND-1_FAMILY-18	3117	124.68	12	347	75.48	NA	NA	NA	NA
Unknown	Unknown	RND-1_FAMILY-181	8143	177.02	20	434	101.4	NA	NA	NA	NA
Unknown	Unknown	RND-1_FAMILY-182	20486	222.67	13	489	130.39	NA	NA	NA	NA
Unknown	Unknown	RND-1_FAMILY-183	35753	851.26	89	1901	679.91	NA	NA	NA	NA
Unknown	Unknown	RND-1_FAMILY-184	13315	309.65	17	1337	425.1	NA	NA	NA	NA
Unknown	Unknown	RND-1_FAMILY-186	30578	219.99	43	2101	325.89	NA	NA	NA	NA
Unknown	Unknown	RND-1_FAMILY-187	11656	323.78	20	2680	523.6	NA	NA	NA	NA
Unknown	Unknown	RND-1_FAMILY-188	2490	226.36	31	381	121.33	NA	NA	NA	NA
Unknown	Unknown	RND-1_FAMILY-19	15528	310.56	26	1190	341.66	NA	NA	NA	NA
Unknown	Unknown	RND-1_FAMILY-190	35729	330.82	25	1372	284.62	NA	NA	NA	NA
Unknown	Unknown	RND-1_FAMILY-192	2390	108.64	13	328	75.38	NA	NA	NA	NA
Unknown	Unknown	RND-1_FAMILY-193	13449	286.15	65	519	158.67	NA	NA	NA	NA
Unknown	Unknown	RND-1_FAMILY-194	9264	220.57	40	561	149.61	NA	NA	NA	NA
Unknown	Unknown	RND-1_FAMILY-196	24400	212.17	14	458	114.21	NA	NA	NA	NA
Unknown	Unknown	RND-1_FAMILY-197	32029	222.42	20	631	143.2	NA	NA	NA	NA
Unknown	Unknown	RND-1_FAMILY-198	3829	425.44	29	3114	1009.23	NA	NA	NA	NA
Unknown	Unknown	RND-1_FAMILY-199	14382	1438.2	58	2831	1197.38	NA	NA	NA	NA
Unknown	Unknown	RND-1_FAMILY-2	102747	267.57	23	1457	171.93	NA	NA	NA	NA
Unknown	Unknown	RND-1_FAMILY-201	8431	271.97	38	365	99.91	NA	NA	NA	NA
Unknown	Unknown	RND-1_FAMILY-203	12476	304.29	87	696	131.33	NA	NA	NA	NA
Unknown	Unknown	RND-1_FAMILY-205	4063	677.17	42	3146	1221.78	NA	NA	NA	NA
Unknown	Unknown	RND-1_FAMILY-206	557	92.83	37	194	72.8	NA	NA	NA	NA
Unknown	Unknown	RND-1_FAMILY-207	19320	1932	39	3396	1322.33	NA	NA	NA	NA
Unknown	Unknown	RND-1_FAMILY-209	9227	288.34	31	1704	422.32	NA	NA	NA	NA
Unknown	Unknown	RND-1_FAMILY-21	10499	256.07	43	390	120.52	NA	NA	NA	NA
Unknown	Unknown	RND-1_FAMILY-210	980	108.89	45	123	26.38	NA	NA	NA	NA
Unknown	Unknown	RND-1_FAMILY-214	1651	183.44	42	319	99.26	NA	NA	NA	NA
Unknown	Unknown	RND-1_FAMILY-215	8506	283.53	15	1100	345.45	NA	NA	NA	NA
Unknown	Unknown	RND-1_FAMILY-216	6699	223.3	27	563	156.76	NA	NA	NA	NA
Unknown	Unknown	RND-1_FAMILY-220	4001	250.06	82	412	98.43	NA	NA	NA	NA
Unknown	Unknown	RND-1_FAMILY-221	6575	386.76	62	1367	476.31	NA	NA	NA	NA
Unknown	Unknown	RND-1_FAMILY-225	5565	252.95	45	503	165.44	NA	NA	NA	NA
Unknown	Unknown	RND-1_FAMILY-226	3857	175.32	82	328	75.04	NA	NA	NA	NA
Unknown	Unknown	RND-1_FAMILY-228	8235	211.15	50	571	136.03	NA	NA	NA	NA
Unknown	Unknown	RND-1_FAMILY-23	47564	258.5	32	588	91.14	NA	NA	NA	NA
Unknown	Unknown	RND-1_FAMILY-230	17800	494.44	31	1494	366.12	NA	NA	NA	NA
Unknown	Unknown	RND-1_FAMILY-232	998	99.8	58	231	51.84	NA	NA	NA	NA
Unknown	Unknown	RND-1_FAMILY-233	6600	600	75	1591	598.15	NA	NA	NA	NA
Unknown	Unknown	RND-1_FAMILY-234	11542	288.55	36	453	120.98	NA	NA	NA	NA
Unknown	Unknown	RND-1_FAMILY-235	10994	314.11	28	456	155.3	NA	NA	NA	NA
Unknown	Unknown	RND-1_FAMILY-239	10124	266.42	60	660	271.74	NA	NA	NA	NA
Unknown	Unknown	RND-1_FAMILY-241	6998	349.9	44	1068	331.35	NA	NA	NA	NA
Unknown	Unknown	RND-1_FAMILY-242	1407	175.88	34	440	132.01	NA	NA	NA	NA
Unknown	Unknown	RND-1_FAMILY-244	1983	165.25	79	306	82.86	NA	NA	NA	NA
Unknown	Unknown	RND-1_FAMILY-245	12258	306.45	43	565	161.2	NA	NA	NA	NA
Unknown	Unknown	RND-1_FAMILY-25	32512	197.04	11	686	122.32	NA	NA	NA	NA
Unknown	Unknown	RND-1_FAMILY-250	16444	913.56	64	4090	1384.98	NA	NA	NA	NA
Unknown	Unknown	RND-1_FAMILY-251	2290	127.22	11	369	96.98	NA	NA	NA	NA
Unknown	Unknown	RND-1_FAMILY-253	5370	895	279	1514	472.1	NA	NA	NA	NA
Unknown	Unknown	RND-1_FAMILY-254	4444	296.27	39	547	181	NA	NA	NA	NA
Unknown	Unknown	RND-1_FAMILY-257	19673	351.3	11	2363	543.67	NA	NA	NA	NA
Unknown	Unknown	RND-1_FAMILY-259	10414	325.44	30	754	239.75	NA	NA	NA	NA
Unknown	Unknown	RND-1_FAMILY-260	9942	342.83	55	660	230.91	NA	NA	NA	NA
Unknown	Unknown	RND-1_FAMILY-262	7453	201.43	40	329	98.87	NA	NA	NA	NA
Unknown	Unknown	RND-1_FAMILY-264	6134	1226.8	53	1834	745.18	NA	NA	NA	NA
Unknown	Unknown	RND-1_FAMILY-265	11802	491.75	40	1383	496.52	NA	NA	NA	NA
Unknown	Unknown	RND-1_FAMILY-266	12558	433.03	12	1106	475.78	NA	NA	NA	NA
Unknown	Unknown	RND-1_FAMILY-267	1010	53.16	34	97	19.59	NA	NA	NA	NA
Unknown	Unknown	RND-1_FAMILY-268	7059	294.12	29	573	207.07	NA	NA	NA	NA
Unknown	Unknown	RND-1_FAMILY-269	1542	257	94	569	189.9	NA	NA	NA	NA
Unknown	Unknown	RND-1_FAMILY-271	11886	371.44	59	513	144.61	NA	NA	NA	NA
Unknown	Unknown	RND-1_FAMILY-273	20492	259.39	19	750	197.86	NA	NA	NA	NA
Unknown	Unknown	RND-1_FAMILY-275	2860	317.78	23	906	413.58	NA	NA	NA	NA
Unknown	Unknown	RND-1_FAMILY-277	4181	126.7	40	261	43.95	NA	NA	NA	NA
Unknown	Unknown	RND-1_FAMILY-279	26756	863.1	47	1744	696.6	NA	NA	NA	NA
Unknown	Unknown	RND-1_FAMILY-280	6068	224.74	56	471	121.82	NA	NA	NA	NA
Unknown	Unknown	RND-1_FAMILY-281	8803	225.72	34	460	153.18	NA	NA	NA	NA
Unknown	Unknown	RND-1_FAMILY-282	8872	403.27	40	1520	557.16	NA	NA	NA	NA
Unknown	Unknown	RND-1_FAMILY-283	362	60.33	45	83	17.59	NA	NA	NA	NA
Unknown	Unknown	RND-1_FAMILY-284	3576	238.4	38	671	232.79	NA	NA	NA	NA
Unknown	Unknown	RND-1_FAMILY-287	6141	307.05	40	409	112.33	NA	NA	NA	NA
Unknown	Unknown	RND-1_FAMILY-288	7422	390.63	14	1679	456.4	NA	NA	NA	NA
Unknown	Unknown	RND-1_FAMILY-291	1132	113.2	38	221	51.57	NA	NA	NA	NA
Unknown	Unknown	RND-1_FAMILY-293	9747	226.67	40	458	138.03	NA	NA	NA	NA
Unknown	Unknown	RND-1_FAMILY-294	8203	215.87	46	751	188.56	NA	NA	NA	NA
Unknown	Unknown	RND-1_FAMILY-295	11938	234.08	13	1131	236.13	NA	NA	NA	NA
Unknown	Unknown	RND-1_FAMILY-296	10765	179.42	21	339	99.34	NA	NA	NA	NA
Unknown	Unknown	RND-1_FAMILY-298	10543	554.89	35	3113	889.68	NA	NA	NA	NA
Unknown	Unknown	RND-1_FAMILY-299	3379	225.27	50	654	205.71	NA	NA	NA	NA
Unknown	Unknown	RND-1_FAMILY-3	80095	225.62	34	722	119.34	NA	NA	NA	NA
Unknown	Unknown	RND-1_FAMILY-30	20861	208.61	17	700	132.69	NA	NA	NA	NA
Unknown	Unknown	RND-1_FAMILY-301	4006	235.65	44	617	212.74	NA	NA	NA	NA
Unknown	Unknown	RND-1_FAMILY-303	5938	174.65	41	323	84.16	NA	NA	NA	NA
Unknown	Unknown	RND-1_FAMILY-304	4639	128.86	47	197	36.58	NA	NA	NA	NA
Unknown	Unknown	RND-1_FAMILY-305	9793	979.3	33	3163	1435.56	NA	NA	NA	NA
Unknown	Unknown	RND-1_FAMILY-307	24229	637.61	18	3382	981.64	NA	NA	NA	NA
Unknown	Unknown	RND-1_FAMILY-308	3578	238.53	44	415	100.89	NA	NA	NA	NA
Unknown	Unknown	RND-1_FAMILY-311	4503	195.78	36	333	105.08	NA	NA	NA	NA
Unknown	Unknown	RND-1_FAMILY-312	4653	273.71	75	475	157.41	NA	NA	NA	NA
Unknown	Unknown	RND-1_FAMILY-313	2211	201	29	335	110.3	NA	NA	NA	NA
Unknown	Unknown	RND-1_FAMILY-314	9102	395.74	74	1087	322.39	NA	NA	NA	NA
Unknown	Unknown	RND-1_FAMILY-315	7364	253.93	42	499	160.36	NA	NA	NA	NA
Unknown	Unknown	RND-1_FAMILY-317	7692	213.67	18	407	133.75	NA	NA	NA	NA
Unknown	Unknown	RND-1_FAMILY-318	13004	342.21	48	633	179.12	NA	NA	NA	NA
Unknown	Unknown	RND-1_FAMILY-319	7314	235.94	52	1041	313.52	NA	NA	NA	NA
Unknown	Unknown	RND-1_FAMILY-32	10476	654.75	53	3147	867.08	NA	NA	NA	NA
Unknown	Unknown	RND-1_FAMILY-321	9720	249.23	17	351	82.11	NA	NA	NA	NA
Unknown	Unknown	RND-1_FAMILY-322	5308	408.31	74	639	258.65	NA	NA	NA	NA
Unknown	Unknown	RND-1_FAMILY-323	10839	433.56	57	1123	354.04	NA	NA	NA	NA
Unknown	Unknown	RND-1_FAMILY-328	141	70.5	50	91	28.99	NA	NA	NA	NA
Unknown	Unknown	RND-1_FAMILY-329	14257	1096.69	105	2408	801.76	NA	NA	NA	NA
Unknown	Unknown	RND-1_FAMILY-330	3754	178.76	33	333	73.44	NA	NA	NA	NA
Unknown	Unknown	RND-1_FAMILY-331	4470	144.19	51	288	44.92	NA	NA	NA	NA
Unknown	Unknown	RND-1_FAMILY-332	7706	220.17	49	545	134.02	NA	NA	NA	NA
Unknown	Unknown	RND-1_FAMILY-333	25212	237.85	16	1164	262.71	NA	NA	NA	NA
Unknown	Unknown	RND-1_FAMILY-334	6698	248.07	10	2090	393.39	NA	NA	NA	NA
Unknown	Unknown	RND-1_FAMILY-335	6039	355.24	63	632	245.66	NA	NA	NA	NA
Unknown	Unknown	RND-1_FAMILY-336	7839	313.56	50	671	140.66	NA	NA	NA	NA
Unknown	Unknown	RND-1_FAMILY-337	5329	280.47	39	516	202.83	NA	NA	NA	NA
Unknown	Unknown	RND-1_FAMILY-339	3261	191.82	33	464	146.06	NA	NA	NA	NA
Unknown	Unknown	RND-1_FAMILY-34	34725	241.15	29	577	104.24	NA	NA	NA	NA
Unknown	Unknown	RND-1_FAMILY-340	1092	156	40	333	100.95	NA	NA	NA	NA
Unknown	Unknown	RND-1_FAMILY-341	10554	351.8	14	679	217.36	NA	NA	NA	NA
Unknown	Unknown	RND-1_FAMILY-342	3597	85.64	20	240	44.08	NA	NA	NA	NA
Unknown	Unknown	RND-1_FAMILY-343	5038	265.16	47	518	143.32	NA	NA	NA	NA
Unknown	Unknown	RND-1_FAMILY-345	3954	141.21	57	173	40.05	NA	NA	NA	NA
Unknown	Unknown	RND-1_FAMILY-346	11951	213.41	43	446	128.09	NA	NA	NA	NA
Unknown	Unknown	RND-1_FAMILY-347	6812	200.35	34	374	105.9	NA	NA	NA	NA
Unknown	Unknown	RND-1_FAMILY-348	5775	137.5	33	406	122.72	NA	NA	NA	NA
Unknown	Unknown	RND-1_FAMILY-35	43692	326.06	31	854	175	NA	NA	NA	NA
Unknown	Unknown	RND-1_FAMILY-351	1802	257.43	34	994	355.57	NA	NA	NA	NA
Unknown	Unknown	RND-1_FAMILY-352	26578	312.68	14	460	129.95	NA	NA	NA	NA
Unknown	Unknown	RND-1_FAMILY-353	9200	204.44	59	500	116.12	NA	NA	NA	NA
Unknown	Unknown	RND-1_FAMILY-355	4289	164.96	65	456	104.44	NA	NA	NA	NA
Unknown	Unknown	RND-1_FAMILY-357	6319	185.85	37	594	164.91	NA	NA	NA	NA
Unknown	Unknown	RND-1_FAMILY-358	7998	222.17	60	405	116.63	NA	NA	NA	NA
Unknown	Unknown	RND-1_FAMILY-36	34796	228.92	22	503	134.26	NA	NA	NA	NA
Unknown	Unknown	RND-1_FAMILY-361	5038	209.92	48	566	139.85	NA	NA	NA	NA
Unknown	Unknown	RND-1_FAMILY-362	2332	166.57	36	346	92.53	NA	NA	NA	NA
Unknown	Unknown	RND-1_FAMILY-364	3462	138.48	36	361	80.52	NA	NA	NA	NA
Unknown	Unknown	RND-1_FAMILY-367	6375	303.57	60	929	293.65	NA	NA	NA	NA
Unknown	Unknown	RND-1_FAMILY-368	3750	129.31	34	156	29.95	NA	NA	NA	NA
Unknown	Unknown	RND-1_FAMILY-369	11527	886.69	15	3202	1133.82	NA	NA	NA	NA
Unknown	Unknown	RND-1_FAMILY-370	6724	216.9	45	308	99.34	NA	NA	NA	NA
Unknown	Unknown	RND-1_FAMILY-371	8934	165.44	11	482	105.68	NA	NA	NA	NA
Unknown	Unknown	RND-1_FAMILY-372	4055	213.42	23	383	162.92	NA	NA	NA	NA
Unknown	Unknown	RND-1_FAMILY-373	2534	253.4	72	470	158.5	NA	NA	NA	NA
Unknown	Unknown	RND-1_FAMILY-375	22977	148.24	11	563	125.11	NA	NA	NA	NA
Unknown	Unknown	RND-1_FAMILY-378	14996	340.82	37	2354	550.79	NA	NA	NA	NA
Unknown	Unknown	RND-1_FAMILY-38	35279	250.21	36	598	124.23	NA	NA	NA	NA
Unknown	Unknown	RND-1_FAMILY-380	3808	146.46	36	168	35.01	NA	NA	NA	NA
Unknown	Unknown	RND-1_FAMILY-381	12888	292.91	36	2047	483.37	NA	NA	NA	NA
Unknown	Unknown	RND-1_FAMILY-382	9121	396.57	125	561	171.87	NA	NA	NA	NA
Unknown	Unknown	RND-1_FAMILY-383	11971	234.73	12	613	192.24	NA	NA	NA	NA
Unknown	Unknown	RND-1_FAMILY-384	3224	161.2	73	287	60.99	NA	NA	NA	NA
Unknown	Unknown	RND-1_FAMILY-386	7471	201.92	18	722	184.55	NA	NA	NA	NA
Unknown	Unknown	RND-1_FAMILY-388	5427	208.73	29	440	110.5	NA	NA	NA	NA
Unknown	Unknown	RND-1_FAMILY-389	4215	468.33	89	780	340.4	NA	NA	NA	NA
Unknown	Unknown	RND-1_FAMILY-390	43599	440.39	17	3607	673.03	NA	NA	NA	NA
Unknown	Unknown	RND-1_FAMILY-396	4340	217	39	454	152.91	NA	NA	NA	NA
Unknown	Unknown	RND-1_FAMILY-398	10091	214.7	17	685	142.07	NA	NA	NA	NA
Unknown	Unknown	RND-1_FAMILY-4	53751	331.8	18	2659	347.98	NA	NA	NA	NA
Unknown	Unknown	RND-1_FAMILY-40	12617	210.28	46	538	96.78	NA	NA	NA	NA
Unknown	Unknown	RND-1_FAMILY-400	8008	296.59	47	936	300.39	NA	NA	NA	NA
Unknown	Unknown	RND-1_FAMILY-401	3147	143.05	45	378	94.56	NA	NA	NA	NA
Unknown	Unknown	RND-1_FAMILY-402	1088	120.89	71	196	42.69	NA	NA	NA	NA
Unknown	Unknown	RND-1_FAMILY-403	1922	71.19	53	205	26.95	NA	NA	NA	NA
Unknown	Unknown	RND-1_FAMILY-405	2434	221.27	41	304	93.19	NA	NA	NA	NA
Unknown	Unknown	RND-1_FAMILY-406	8530	355.42	30	817	293.41	NA	NA	NA	NA
Unknown	Unknown	RND-1_FAMILY-407	1885	157.08	19	374	117.54	NA	NA	NA	NA
Unknown	Unknown	RND-1_FAMILY-408	3538	196.56	69	317	94.34	NA	NA	NA	NA
Unknown	Unknown	RND-1_FAMILY-409	78	78	78	78	NA	NA	NA	NA	NA
Unknown	Unknown	RND-1_FAMILY-410	4176	154.67	47	541	132.95	NA	NA	NA	NA
Unknown	Unknown	RND-1_FAMILY-412	55	55	55	55	NA	NA	NA	NA	NA
Unknown	Unknown	RND-1_FAMILY-414	11250	193.97	39	523	111.73	NA	NA	NA	NA
Unknown	Unknown	RND-1_FAMILY-416	19803	1237.69	16	4191	1530.88	NA	NA	NA	NA
Unknown	Unknown	RND-1_FAMILY-417	15626	434.06	12	2323	658.16	NA	NA	NA	NA
Unknown	Unknown	RND-1_FAMILY-418	3096	147.43	42	236	69.1	NA	NA	NA	NA
Unknown	Unknown	RND-1_FAMILY-419	6259	272.13	69	526	160.9	NA	NA	NA	NA
Unknown	Unknown	RND-1_FAMILY-42	1674	119.57	44	234	63.54	NA	NA	NA	NA
Unknown	Unknown	RND-1_FAMILY-420	9502	791.83	238	1509	441.1	NA	NA	NA	NA
Unknown	Unknown	RND-1_FAMILY-422	19106	382.12	39	1190	340.01	NA	NA	NA	NA
Unknown	Unknown	RND-1_FAMILY-424	16379	712.13	33	3221	784	NA	NA	NA	NA
Unknown	Unknown	RND-1_FAMILY-425	940	117.5	11	327	94.62	NA	NA	NA	NA
Unknown	Unknown	RND-1_FAMILY-427	4453	404.82	71	810	255.36	NA	NA	NA	NA
Unknown	Unknown	RND-1_FAMILY-428	6181	247.24	28	798	254.3	NA	NA	NA	NA
Unknown	Unknown	RND-1_FAMILY-429	4978	177.79	18	338	103.72	NA	NA	NA	NA
Unknown	Unknown	RND-1_FAMILY-43	5617	401.21	49	948	330.9	NA	NA	NA	NA
Unknown	Unknown	RND-1_FAMILY-430	4383	168.58	44	278	75.2	NA	NA	NA	NA
Unknown	Unknown	RND-1_FAMILY-431	1677	279.5	44	446	162.84	NA	NA	NA	NA
Unknown	Unknown	RND-1_FAMILY-433	482	80.33	70	103	14.71	NA	NA	NA	NA
Unknown	Unknown	RND-1_FAMILY-434	9430	428.64	41	1045	315.95	NA	NA	NA	NA
Unknown	Unknown	RND-1_FAMILY-435	14424	351.8	26	3071	666.53	NA	NA	NA	NA
Unknown	Unknown	RND-1_FAMILY-436	5360	243.64	67	420	87.41	NA	NA	NA	NA
Unknown	Unknown	RND-1_FAMILY-437	4063	176.65	45	234	61.83	NA	NA	NA	NA
Unknown	Unknown	RND-1_FAMILY-438	6298	286.27	39	436	135.91	NA	NA	NA	NA
Unknown	Unknown	RND-1_FAMILY-44	20369	231.47	26	420	107.67	NA	NA	NA	NA
Unknown	Unknown	RND-1_FAMILY-440	17406	621.64	47	2529	658.51	NA	NA	NA	NA
Unknown	Unknown	RND-1_FAMILY-441	3840	182.86	40	443	128.73	NA	NA	NA	NA
Unknown	Unknown	RND-1_FAMILY-443	656	72.89	36	117	30.37	NA	NA	NA	NA
Unknown	Unknown	RND-1_FAMILY-445	14249	459.65	43	2516	761.32	NA	NA	NA	NA
Unknown	Unknown	RND-1_FAMILY-447	2293	208.45	22	544	187.83	NA	NA	NA	NA
Unknown	Unknown	RND-1_FAMILY-449	3515	351.5	18	1259	449.92	NA	NA	NA	NA
Unknown	Unknown	RND-1_FAMILY-450	13910	235.76	45	540	157.45	NA	NA	NA	NA
Unknown	Unknown	RND-1_FAMILY-451	10933	546.65	101	1277	394.91	NA	NA	NA	NA
Unknown	Unknown	RND-1_FAMILY-453	5453	218.12	39	620	177.95	NA	NA	NA	NA
Unknown	Unknown	RND-1_FAMILY-455	5524	240.17	22	698	244.34	NA	NA	NA	NA
Unknown	Unknown	RND-1_FAMILY-459	5184	199.38	34	678	205.65	NA	NA	NA	NA
Unknown	Unknown	RND-1_FAMILY-46	16017	158.58	12	420	85.34	NA	NA	NA	NA
Unknown	Unknown	RND-1_FAMILY-460	22507	218.51	50	375	67.43	NA	NA	NA	NA
Unknown	Unknown	RND-1_FAMILY-462	5124	213.5	17	1288	281.38	NA	NA	NA	NA
Unknown	Unknown	RND-1_FAMILY-463	5302	89.86	31	216	34.73	NA	NA	NA	NA
Unknown	Unknown	RND-1_FAMILY-465	3294	183	66	346	76.93	NA	NA	NA	NA
Unknown	Unknown	RND-1_FAMILY-466	1857	206.33	74	293	82.53	NA	NA	NA	NA
Unknown	Unknown	RND-1_FAMILY-467	3125	347.22	49	901	292.5	NA	NA	NA	NA
Unknown	Unknown	RND-1_FAMILY-468	11716	650.89	53	2065	710.25	NA	NA	NA	NA
Unknown	Unknown	RND-1_FAMILY-47	19154	210.48	41	706	104.18	NA	NA	NA	NA
Unknown	Unknown	RND-1_FAMILY-470	12532	432.14	35	962	354.35	NA	NA	NA	NA
Unknown	Unknown	RND-1_FAMILY-472	3135	184.41	28	423	131.7	NA	NA	NA	NA
Unknown	Unknown	RND-1_FAMILY-473	2549	121.38	37	262	76.64	NA	NA	NA	NA
Unknown	Unknown	RND-1_FAMILY-474	1584	158.4	48	254	70.9	NA	NA	NA	NA
Unknown	Unknown	RND-1_FAMILY-475	12426	1775.14	138	3062	1324	NA	NA	NA	NA
Unknown	Unknown	RND-1_FAMILY-477	2399	85.68	16	178	51.31	NA	NA	NA	NA
Unknown	Unknown	RND-1_FAMILY-478	6139	266.91	24	450	166.11	NA	NA	NA	NA
Unknown	Unknown	RND-1_FAMILY-479	8031	1003.88	160	1788	668.26	NA	NA	NA	NA
Unknown	Unknown	RND-1_FAMILY-48	15926	284.39	26	1540	284.73	NA	NA	NA	NA
Unknown	Unknown	RND-1_FAMILY-480	18600	715.38	21	1840	652.74	NA	NA	NA	NA
Unknown	Unknown	RND-1_FAMILY-481	20206	420.96	17	1492	406.01	NA	NA	NA	NA
Unknown	Unknown	RND-1_FAMILY-482	12545	202.34	43	991	174.77	NA	NA	NA	NA
Unknown	Unknown	RND-1_FAMILY-483	9177	437	54	1029	377.62	NA	NA	NA	NA
Unknown	Unknown	RND-1_FAMILY-485	6163	362.53	46	712	219.21	NA	NA	NA	NA
Unknown	Unknown	RND-1_FAMILY-486	3021	251.75	33	657	171.5	NA	NA	NA	NA
Unknown	Unknown	RND-1_FAMILY-487	6321	243.12	44	400	126.73	NA	NA	NA	NA
Unknown	Unknown	RND-1_FAMILY-488	7713	385.65	53	643	205.69	NA	NA	NA	NA
Unknown	Unknown	RND-1_FAMILY-489	4259	354.92	41	834	270.41	NA	NA	NA	NA
Unknown	Unknown	RND-1_FAMILY-49	8938	297.93	15	543	239.65	NA	NA	NA	NA
Unknown	Unknown	RND-1_FAMILY-491	19918	905.36	64	2738	976.12	NA	NA	NA	NA
Unknown	Unknown	RND-1_FAMILY-494	3852	183.43	55	404	115.42	NA	NA	NA	NA
Unknown	Unknown	RND-1_FAMILY-495	5782	262.82	43	422	132.83	NA	NA	NA	NA
Unknown	Unknown	RND-1_FAMILY-496	1418	177.25	91	230	55.61	NA	NA	NA	NA
Unknown	Unknown	RND-1_FAMILY-497	3235	539.17	87	1455	633.57	NA	NA	NA	NA
Unknown	Unknown	RND-1_FAMILY-498	4721	214.59	60	810	185.54	NA	NA	NA	NA
Unknown	Unknown	RND-1_FAMILY-499	16469	228.74	12	904	215.46	NA	NA	NA	NA
Unknown	Unknown	RND-1_FAMILY-50	26706	207.02	23	783	136.52	NA	NA	NA	NA
Unknown	Unknown	RND-1_FAMILY-500	14061	351.52	35	1038	289.94	NA	NA	NA	NA
Unknown	Unknown	RND-1_FAMILY-503	3233	134.71	59	247	65.67	NA	NA	NA	NA
Unknown	Unknown	RND-1_FAMILY-505	10706	324.42	26	716	217.24	NA	NA	NA	NA
Unknown	Unknown	RND-1_FAMILY-506	68	68	68	68	NA	NA	NA	NA	NA
Unknown	Unknown	RND-1_FAMILY-507	7045	281.8	65	388	98.95	NA	NA	NA	NA
Unknown	Unknown	RND-1_FAMILY-508	10427	226.67	12	1510	349.73	NA	NA	NA	NA
Unknown	Unknown	RND-1_FAMILY-509	7736	336.35	57	619	200.04	NA	NA	NA	NA
Unknown	Unknown	RND-1_FAMILY-51	16903	222.41	30	525	155.99	NA	NA	NA	NA
Unknown	Unknown	RND-1_FAMILY-510	1331	121	38	171	47.9	NA	NA	NA	NA
Unknown	Unknown	RND-1_FAMILY-511	8035	309.04	57	645	211.62	NA	NA	NA	NA
Unknown	Unknown	RND-1_FAMILY-512	4175	219.74	71	354	117.21	NA	NA	NA	NA
Unknown	Unknown	RND-1_FAMILY-513	6167	560.64	41	822	308.73	NA	NA	NA	NA
Unknown	Unknown	RND-1_FAMILY-514	6506	224.34	11	1053	257.59	NA	NA	NA	NA
Unknown	Unknown	RND-1_FAMILY-515	4065	135.5	32	230	65.22	NA	NA	NA	NA
Unknown	Unknown	RND-1_FAMILY-516	5312	265.6	40	465	161.48	NA	NA	NA	NA
Unknown	Unknown	RND-1_FAMILY-517	14451	656.86	24	2916	790.07	NA	NA	NA	NA
Unknown	Unknown	RND-1_FAMILY-518	7728	483	51	753	228.22	NA	NA	NA	NA
Unknown	Unknown	RND-1_FAMILY-52	10491	419.64	43	1078	265.99	NA	NA	NA	NA
Unknown	Unknown	RND-1_FAMILY-521	3589	149.54	48	339	77.47	NA	NA	NA	NA
Unknown	Unknown	RND-1_FAMILY-524	5445	175.65	56	552	108.32	NA	NA	NA	NA
Unknown	Unknown	RND-1_FAMILY-526	4207	175.29	49	541	155.89	NA	NA	NA	NA
Unknown	Unknown	RND-1_FAMILY-527	8026	170.77	27	544	159.98	NA	NA	NA	NA
Unknown	Unknown	RND-1_FAMILY-529	6971	240.38	52	496	131	NA	NA	NA	NA
Unknown	Unknown	RND-1_FAMILY-53	22354	366.46	19	2542	521.4	NA	NA	NA	NA
Unknown	Unknown	RND-1_FAMILY-530	4337	149.55	32	924	218.28	NA	NA	NA	NA
Unknown	Unknown	RND-1_FAMILY-532	4532	266.59	40	663	240.62	NA	NA	NA	NA
Unknown	Unknown	RND-1_FAMILY-534	3330	95.14	20	201	48.87	NA	NA	NA	NA
Unknown	Unknown	RND-1_FAMILY-535	1883	72.42	40	215	53.18	NA	NA	NA	NA
Unknown	Unknown	RND-1_FAMILY-537	74	37	5	69	45.25	NA	NA	NA	NA
Unknown	Unknown	RND-1_FAMILY-539	13509	750.5	217	880	207.89	NA	NA	NA	NA
Unknown	Unknown	RND-1_FAMILY-54	25455	247.14	33	377	108.33	NA	NA	NA	NA
Unknown	Unknown	RND-1_FAMILY-542	2850	158.33	29	262	82.66	NA	NA	NA	NA
Unknown	Unknown	RND-1_FAMILY-547	7684	334.09	43	1184	336.03	NA	NA	NA	NA
Unknown	Unknown	RND-1_FAMILY-548	2052	186.55	52	438	122.41	NA	NA	NA	NA
Unknown	Unknown	RND-1_FAMILY-55	18974	129.07	13	227	36.78	NA	NA	NA	NA
Unknown	Unknown	RND-1_FAMILY-550	3626	259	94	344	84.19	NA	NA	NA	NA
Unknown	Unknown	RND-1_FAMILY-551	7995	420.79	32	626	200.25	NA	NA	NA	NA
Unknown	Unknown	RND-1_FAMILY-553	20889	417.78	15	2475	699.96	NA	NA	NA	NA
Unknown	Unknown	RND-1_FAMILY-556	3579	255.64	39	537	140.95	NA	NA	NA	NA
Unknown	Unknown	RND-1_FAMILY-557	5609	373.93	48	1624	506.76	NA	NA	NA	NA
Unknown	Unknown	RND-1_FAMILY-558	4871	124.9	18	286	86.62	NA	NA	NA	NA
Unknown	Unknown	RND-1_FAMILY-56	11667	238.1	13	568	171.14	NA	NA	NA	NA
Unknown	Unknown	RND-1_FAMILY-560	2970	174.71	100	301	69.3	NA	NA	NA	NA
Unknown	Unknown	RND-1_FAMILY-561	3561	237.4	62	409	137.26	NA	NA	NA	NA
Unknown	Unknown	RND-1_FAMILY-563	3809	165.61	47	490	120.25	NA	NA	NA	NA
Unknown	Unknown	RND-1_FAMILY-564	2450	98	31	143	34.34	NA	NA	NA	NA
Unknown	Unknown	RND-1_FAMILY-566	3216	1072	367	1722	679.17	NA	NA	NA	NA
Unknown	Unknown	RND-1_FAMILY-567	5629	244.74	60	442	133.42	NA	NA	NA	NA
Unknown	Unknown	RND-1_FAMILY-568	2361	196.75	37	491	209.93	NA	NA	NA	NA
Unknown	Unknown	RND-1_FAMILY-57	6263	208.77	31	412	109.43	NA	NA	NA	NA
Unknown	Unknown	RND-1_FAMILY-571	6314	789.25	115	1305	524.85	NA	NA	NA	NA
Unknown	Unknown	RND-1_FAMILY-574	18349	374.47	23	2817	699.66	NA	NA	NA	NA
Unknown	Unknown	RND-1_FAMILY-575	10348	470.36	36	1765	556.98	NA	NA	NA	NA
Unknown	Unknown	RND-1_FAMILY-578	4332	309.43	33	689	223.28	NA	NA	NA	NA
Unknown	Unknown	RND-1_FAMILY-579	5889	267.68	28	689	195.26	NA	NA	NA	NA
Unknown	Unknown	RND-1_FAMILY-58	52626	168.13	16	483	100.18	NA	NA	NA	NA
Unknown	Unknown	RND-1_FAMILY-581	2623	374.71	105	492	171.47	NA	NA	NA	NA
Unknown	Unknown	RND-1_FAMILY-582	13504	562.67	52	1392	497.65	NA	NA	NA	NA
Unknown	Unknown	RND-1_FAMILY-583	4798	299.88	53	613	256.86	NA	NA	NA	NA
Unknown	Unknown	RND-1_FAMILY-584	1274	91	32	142	43.41	NA	NA	NA	NA
Unknown	Unknown	RND-1_FAMILY-585	2539	195.31	34	385	109.07	NA	NA	NA	NA
Unknown	Unknown	RND-1_FAMILY-586	3322	415.25	94	604	225.25	NA	NA	NA	NA
Unknown	Unknown	RND-1_FAMILY-587	3393	188.5	31	415	143.65	NA	NA	NA	NA
Unknown	Unknown	RND-1_FAMILY-588	20328	1016.4	34	3234	1186.86	NA	NA	NA	NA
Unknown	Unknown	RND-1_FAMILY-59	11678	233.56	34	738	164.42	NA	NA	NA	NA
Unknown	Unknown	RND-1_FAMILY-590	1623	405.75	365	440	39.9	NA	NA	NA	NA
Unknown	Unknown	RND-1_FAMILY-591	2411	200.92	96	341	76.96	NA	NA	NA	NA
Unknown	Unknown	RND-1_FAMILY-592	3582	275.54	20	1247	377.1	NA	NA	NA	NA
Unknown	Unknown	RND-1_FAMILY-593	9780	264.32	64	1059	267.31	NA	NA	NA	NA
Unknown	Unknown	RND-1_FAMILY-594	7285	346.9	43	932	289.18	NA	NA	NA	NA
Unknown	Unknown	RND-1_FAMILY-595	6389	375.82	39	1184	394.12	NA	NA	NA	NA
Unknown	Unknown	RND-1_FAMILY-596	3124	260.33	111	575	132.03	NA	NA	NA	NA
Unknown	Unknown	RND-1_FAMILY-598	4172	260.75	28	485	151.55	NA	NA	NA	NA
Unknown	Unknown	RND-1_FAMILY-6	71577	152.62	9	430	56.98	NA	NA	NA	NA
Unknown	Unknown	RND-1_FAMILY-60	13491	385.46	53	1103	421.76	NA	NA	NA	NA
Unknown	Unknown	RND-1_FAMILY-600	3028	189.25	58	231	57.29	NA	NA	NA	NA
Unknown	Unknown	RND-1_FAMILY-603	5527	263.19	45	821	225.47	NA	NA	NA	NA
Unknown	Unknown	RND-1_FAMILY-604	1162	96.83	20	402	109.75	NA	NA	NA	NA
Unknown	Unknown	RND-1_FAMILY-605	17753	1365.62	54	3045	1194.94	NA	NA	NA	NA
Unknown	Unknown	RND-1_FAMILY-607	4983	311.44	42	838	214.16	NA	NA	NA	NA
Unknown	Unknown	RND-1_FAMILY-608	3688	307.33	43	674	233.55	NA	NA	NA	NA
Unknown	Unknown	RND-1_FAMILY-61	33543	225.12	34	535	116.58	NA	NA	NA	NA
Unknown	Unknown	RND-1_FAMILY-611	2124	163.38	131	236	31.52	NA	NA	NA	NA
Unknown	Unknown	RND-1_FAMILY-612	4770	477	48	732	275.78	NA	NA	NA	NA
Unknown	Unknown	RND-1_FAMILY-613	4970	276.11	48	420	111.72	NA	NA	NA	NA
Unknown	Unknown	RND-1_FAMILY-616	3957	263.8	20	1976	520.45	NA	NA	NA	NA
Unknown	Unknown	RND-1_FAMILY-617	4009	235.82	55	294	77.69	NA	NA	NA	NA
Unknown	Unknown	RND-1_FAMILY-618	6299	331.53	74	627	196.38	NA	NA	NA	NA
Unknown	Unknown	RND-1_FAMILY-619	7077	442.31	305	800	163.91	NA	NA	NA	NA
Unknown	Unknown	RND-1_FAMILY-620	3314	184.11	54	498	97.64	NA	NA	NA	NA
Unknown	Unknown	RND-1_FAMILY-621	2987	165.94	58	423	128.33	NA	NA	NA	NA
Unknown	Unknown	RND-1_FAMILY-622	12032	523.13	53	1288	419.85	NA	NA	NA	NA
Unknown	Unknown	RND-1_FAMILY-623	543	54.3	18	147	36.84	NA	NA	NA	NA
Unknown	Unknown	RND-1_FAMILY-624	3125	195.31	67	323	85.31	NA	NA	NA	NA
Unknown	Unknown	RND-1_FAMILY-627	10534	376.21	11	1412	507.84	NA	NA	NA	NA
Unknown	Unknown	RND-1_FAMILY-628	3223	92.09	26	121	22.96	NA	NA	NA	NA
Unknown	Unknown	RND-1_FAMILY-63	65871	672.15	48	3378	777.22	NA	NA	NA	NA
Unknown	Unknown	RND-1_FAMILY-631	12061	430.75	43	1252	347.74	NA	NA	NA	NA
Unknown	Unknown	RND-1_FAMILY-632	17743	328.57	14	2572	585.62	NA	NA	NA	NA
Unknown	Unknown	RND-1_FAMILY-633	9733	304.16	33	619	198.72	NA	NA	NA	NA
Unknown	Unknown	RND-1_FAMILY-634	2471	154.44	61	203	47.44	NA	NA	NA	NA
Unknown	Unknown	RND-1_FAMILY-635	8902	593.47	95	1462	412.58	NA	NA	NA	NA
Unknown	Unknown	RND-1_FAMILY-639	1006	67.07	38	81	15.53	NA	NA	NA	NA
Unknown	Unknown	RND-1_FAMILY-64	18125	1394.23	25	8528	3162.07	NA	NA	NA	NA
Unknown	Unknown	RND-1_FAMILY-640	3370	177.37	43	311	86.8	NA	NA	NA	NA
Unknown	Unknown	RND-1_FAMILY-642	12997	618.9	6	2634	877.16	NA	NA	NA	NA
Unknown	Unknown	RND-1_FAMILY-643	5643	331.94	50	819	288.6	NA	NA	NA	NA
Unknown	Unknown	RND-1_FAMILY-645	17859	388.24	20	2803	663.57	NA	NA	NA	NA
Unknown	Unknown	RND-1_FAMILY-646	14828	205.94	33	492	138.93	NA	NA	NA	NA
Unknown	Unknown	RND-1_FAMILY-647	8101	368.23	55	685	240.5	NA	NA	NA	NA
Unknown	Unknown	RND-1_FAMILY-649	3715	168.86	57	553	177.01	NA	NA	NA	NA
Unknown	Unknown	RND-1_FAMILY-651	4476	279.75	39	375	100.7	NA	NA	NA	NA
Unknown	Unknown	RND-1_FAMILY-652	16137	520.55	21	1825	676.1	NA	NA	NA	NA
Unknown	Unknown	RND-1_FAMILY-653	4181	209.05	34	416	169.05	NA	NA	NA	NA
Unknown	Unknown	RND-1_FAMILY-654	15550	676.09	28	2192	772.83	NA	NA	NA	NA
Unknown	Unknown	RND-1_FAMILY-655	7805	325.21	43	1131	319.55	NA	NA	NA	NA
Unknown	Unknown	RND-1_FAMILY-66	9684	206.04	51	425	117.82	NA	NA	NA	NA
Unknown	Unknown	RND-1_FAMILY-661	10109	505.45	135	1449	356.58	NA	NA	NA	NA
Unknown	Unknown	RND-1_FAMILY-663	17057	473.81	34	1630	483.95	NA	NA	NA	NA
Unknown	Unknown	RND-1_FAMILY-67	23223	232.23	42	450	102.73	NA	NA	NA	NA
Unknown	Unknown	RND-1_FAMILY-68	22991	237.02	52	318	72.36	NA	NA	NA	NA
Unknown	Unknown	RND-1_FAMILY-69	29884	343.49	30	775	257.66	NA	NA	NA	NA
Unknown	Unknown	RND-1_FAMILY-7	8248	149.96	7	1056	184.27	NA	NA	NA	NA
Unknown	Unknown	RND-1_FAMILY-70	15997	222.18	27	1477	216.44	NA	NA	NA	NA
Unknown	Unknown	RND-1_FAMILY-71	15681	174.23	25	397	90.45	NA	NA	NA	NA
Unknown	Unknown	RND-1_FAMILY-72	9419	196.23	25	480	76.43	NA	NA	NA	NA
Unknown	Unknown	RND-1_FAMILY-73	18162	151.35	38	228	54	NA	NA	NA	NA
Unknown	Unknown	RND-1_FAMILY-74	13793	156.74	44	330	59.38	NA	NA	NA	NA
Unknown	Unknown	RND-1_FAMILY-76	4909	175.32	11	1015	204.38	NA	NA	NA	NA
Unknown	Unknown	RND-1_FAMILY-78	35362	247.29	38	495	104.82	NA	NA	NA	NA
Unknown	Unknown	RND-1_FAMILY-79	7940	1323.33	45	6970	2772.52	NA	NA	NA	NA
Unknown	Unknown	RND-1_FAMILY-83	25505	289.83	11	469	142.62	NA	NA	NA	NA
Unknown	Unknown	RND-1_FAMILY-84	2115	111.32	12	325	66.28	NA	NA	NA	NA
Unknown	Unknown	RND-1_FAMILY-89	19087	302.97	17	1760	426.68	NA	NA	NA	NA
Unknown	Unknown	RND-1_FAMILY-91	11718	249.32	11	2329	475.37	NA	NA	NA	NA
Unknown	Unknown	RND-1_FAMILY-92	9880	113.56	35	360	55.52	NA	NA	NA	NA
Unknown	Unknown	RND-1_FAMILY-94	11558	770.53	11	3667	1067.84	NA	NA	NA	NA
Unknown	Unknown	RND-1_FAMILY-96	11731	183.3	11	370	118.37	NA	NA	NA	NA
Unknown	Unknown	RND-1_FAMILY-98	11092	270.54	36	741	224.4	NA	NA	NA	NA
Unknown	Unknown	RND-1_FAMILY-99	22613	254.08	48	559	134.16	NA	NA	NA	NA
Unknown	Unknown	RND-2_FAMILY-1093	6163	440.21	45	928	329.93	NA	NA	NA	NA
Unknown	Unknown	RND-2_FAMILY-116	15573	176.97	44	402	83.1	NA	NA	NA	NA
Unknown	Unknown	RND-2_FAMILY-125	1977	141.21	75	368	71.85	NA	NA	NA	NA
Unknown	Unknown	RND-2_FAMILY-1252	144	144	144	144	NA	NA	NA	NA	NA
Unknown	Unknown	RND-2_FAMILY-127	3871	203.74	50	327	92.52	NA	NA	NA	NA
Unknown	Unknown	RND-2_FAMILY-202	36559	264.92	11	1363	209.19	NA	NA	NA	NA
Unknown	Unknown	RND-2_FAMILY-203	5170	152.06	45	336	89.87	NA	NA	NA	NA
Unknown	Unknown	RND-2_FAMILY-21	10073	279.81	32	477	141.34	NA	NA	NA	NA
Unknown	Unknown	RND-2_FAMILY-220	14721	167.28	28	271	65.35	NA	NA	NA	NA
Unknown	Unknown	RND-2_FAMILY-234	11501	225.51	36	564	110.49	NA	NA	NA	NA
Unknown	Unknown	RND-2_FAMILY-28	7629	146.71	21	517	132.39	NA	NA	NA	NA
Unknown	Unknown	RND-2_FAMILY-283	22061	137.88	37	358	55.58	NA	NA	NA	NA
Unknown	Unknown	RND-2_FAMILY-314	7031	305.7	12	1762	566.66	NA	NA	NA	NA
Unknown	Unknown	RND-2_FAMILY-315	14649	187.81	38	445	133.55	NA	NA	NA	NA
Unknown	Unknown	RND-2_FAMILY-319	5912	168.91	39	251	58.9	NA	NA	NA	NA
Unknown	Unknown	RND-2_FAMILY-329	7911	179.8	51	376	81.77	NA	NA	NA	NA
Unknown	Unknown	RND-2_FAMILY-439	4421	221.05	47	434	129.02	NA	NA	NA	NA
Unknown	Unknown	RND-2_FAMILY-485	9527	280.21	46	547	174.9	NA	NA	NA	NA
Unknown	Unknown	RND-2_FAMILY-488	5099	231.77	32	515	160.41	NA	NA	NA	NA
Unknown	Unknown	RND-2_FAMILY-496	5557	198.46	56	383	76.33	NA	NA	NA	NA
Unknown	Unknown	RND-2_FAMILY-54	12482	430.41	49	1275	376.74	NA	NA	NA	NA
Unknown	Unknown	RND-2_FAMILY-573	5194	126.68	56	172	39.02	NA	NA	NA	NA
Unknown	Unknown	RND-2_FAMILY-637	9899	173.67	38	296	88.81	NA	NA	NA	NA
Unknown	Unknown	RND-2_FAMILY-712	6175	205.83	44	476	128.72	NA	NA	NA	NA
Unknown	Unknown	RND-2_FAMILY-758	172	43	35	49	7.12	NA	NA	NA	NA
Unknown	Unknown	RND-2_FAMILY-892	7083	196.75	37	448	126.48	NA	NA	NA	NA
Unknown	Unknown	RND-3_FAMILY-1032	2991	130.04	54	199	53.23	NA	NA	NA	NA
Unknown	Unknown	RND-3_FAMILY-160	6681	230.38	56	401	113.47	NA	NA	NA	NA
Unknown	Unknown	RND-3_FAMILY-365	2196	64.59	31	100	18.27	NA	NA	NA	NA
Unknown	Unknown	RND-3_FAMILY-389	227	56.75	52	67	6.95	NA	NA	NA	NA
Unknown	Unknown	RND-3_FAMILY-396	6364	198.88	47	512	131.12	NA	NA	NA	NA
Unknown	Unknown	RND-3_FAMILY-41	7126	178.15	48	471	110.57	NA	NA	NA	NA
Unknown	Unknown	RND-3_FAMILY-491	4507	187.79	110	302	65.85	NA	NA	NA	NA
Unknown	Unknown	RND-3_FAMILY-6	11714	244.04	67	423	125.99	NA	NA	NA	NA
Unknown	Unknown	RND-3_FAMILY-675	29146	242.88	9	773	192.31	NA	NA	NA	NA
Unknown	Unknown	RND-3_FAMILY-888	535	89.17	61	124	23.68	NA	NA	NA	NA
Unknown	Unknown	RND-3_FAMILY-9	5999	230.73	51	535	156.03	NA	NA	NA	NA
